Name,Area,Number,Link
3Cariocas Taphouse,Botafogo,(21) 3269-6447,//boadiversao.com.br/guia/rio-de-janeiro/bares/local/id/4902/3cariocas_taphouse
4e5,Barra da Tijuca,(21) 2496-8989,//boadiversao.com.br/guia/rio-de-janeiro/bares/local/id/4952/4e5
A Fonte,Recreio dos Bandeirantes,(21) 3586-0018,//boadiversao.com.br/guia/rio-de-janeiro/bares/local/id/4645/a_fonte
Abaporu,Copacabana,(21) 3596-7556,//boadiversao.com.br/guia/rio-de-janeiro/bares/local/id/4101/abaporu
Academia da Cachaça,Leblon,(21) 2529-2680,//boadiversao.com.br/guia/rio-de-janeiro/bares/local/id/740/academia-da-cachaca---leblon
Academia da Cachaça,Barra da Tijuca,(21) 2493-7956,//boadiversao.com.br/guia/rio-de-janeiro/bares/local/id/741/academia-da-cachaca-barra-da-tijuca
Aconchego Carioca,Praça da Bandeira,(21) 2273-1035,//boadiversao.com.br/guia/rio-de-janeiro/bares/local/id/743/aconchego_carioca
Aconchego Carioca Leblon,Leblon,(21) 2294-2913,//boadiversao.com.br/guia/rio-de-janeiro/bares/local/id/4457/aconchego_carioca_leblon
Adega Cesari,Benfica,3890-2038,//boadiversao.com.br/guia/rio-de-janeiro/bares/local/id/1104/adega_cesari
Adega D'Ouro,Vicente de Carvalho,2482-1571,//boadiversao.com.br/guia/rio-de-janeiro/bares/local/id/1105/adega_douro
Adega da Praça,Flamengo,2558-3285,//boadiversao.com.br/guia/rio-de-janeiro/bares/local/id/1134/adega_da_praca
Adega Flor de Coimbra,Centro,(21) 2224-4582,//boadiversao.com.br/guia/rio-de-janeiro/bares/local/id/1179/adega_flor_de_coimbra
Adega Pérola,Copacabana,(21) 2255-9425,//boadiversao.com.br/guia/rio-de-janeiro/bares/local/id/745/adega-perola
Adega Portugália,Catete,(21) 2558-2821,//boadiversao.com.br/guia/rio-de-janeiro/bares/local/id/1529/adega_portugalia
Adega Santiago,Barra da Tijuca,(21) 3900-1605,//boadiversao.com.br/guia/rio-de-janeiro/bares/local/id/4887/adega_santiago
Adega Timão,Centro,(21) 2516-1065,//boadiversao.com.br/guia/rio-de-janeiro/bares/local/id/1180/adega_timao
Adelos,Centro,(21) 2516-1734,//boadiversao.com.br/guia/rio-de-janeiro/bares/local/id/1181/adelos
Agraz,Ipanema,(21) 2525-2525 Avenida Vieira Souto,//boadiversao.com.br/guia/rio-de-janeiro/bares/local/id/1554/agraz
Al Khayam,Centro,(21) 2507 6042,//boadiversao.com.br/guia/rio-de-janeiro/bares/local/id/2085/al_khayam
Al-Farabi,Centro,(21) 2233-0879,//boadiversao.com.br/guia/rio-de-janeiro/bares/local/id/1182/alfarabi
Aldeia da Lapa,Centro,(21) 2242-0123,//boadiversao.com.br/guia/rio-de-janeiro/bares/local/id/1183/aldeia_da_lapa
Alice Bar,Botafogo,(21) 3079-6484,//boadiversao.com.br/guia/rio-de-janeiro/bares/local/id/4546/alice_bar
Aloha Cozinha e Bar,Barra da Tijuca,(21) 3502-6114,//boadiversao.com.br/guia/rio-de-janeiro/bares/local/id/4713/aloha_cozinha_e_bar
Alquimia do Pão,Andaraí,(21) 2575-0003,//boadiversao.com.br/guia/rio-de-janeiro/bares/local/id/1713/alquimia_do_pao
Amarelinho,Glória,2240-8434,//boadiversao.com.br/guia/rio-de-janeiro/bares/local/id/1173/amarelinho
Ambre Cuisine,Botafogo,(21) 2286-6904,//boadiversao.com.br/guia/rio-de-janeiro/bares/local/id/2648/ambre_cuisine
Américas Bar,Recreio dos Bandeirantes,(21) 2494-5929,//boadiversao.com.br/guia/rio-de-janeiro/bares/local/id/4547/americas_bar
Anexo Bar,Cem Braças,(22) 2623-6837,//boadiversao.com.br/guia/rio-de-janeiro/bares/local/id/1561/anexo_bar
Anexo Praia Búzios,Rasa,(22) 2623-6837,//boadiversao.com.br/guia/rio-de-janeiro/bares/local/id/4292/anexo_praia_buzios
Angu do Gomes,Saúde,(21) 2233-4561,//boadiversao.com.br/guia/rio-de-janeiro/bares/local/id/1184/angu_do_gomes
Antigamente,Centro,(21) 2507-5040,//boadiversao.com.br/guia/rio-de-janeiro/bares/local/id/1192/antigamente
Antonio's,Centro,(21) 2507-0971,//boadiversao.com.br/guia/rio-de-janeiro/bares/local/id/1193/antonios
Arco-Íris da Lapa - I,Centro,(21) 2253-8908,//boadiversao.com.br/guia/rio-de-janeiro/bares/local/id/1194/arcoiris_da_lapa__i
Arco-Íris da Lapa - II,Centro,(21) 2222-7278,//boadiversao.com.br/guia/rio-de-janeiro/bares/local/id/1195/arcoiris_da_lapa__ii
Arena Sport Club,Jardim Guanabara,(21) 3449-0548,//boadiversao.com.br/guia/rio-de-janeiro/bares/local/id/3957/arena_sport_club
Armazém do Chopp,Flamengo,2557-4052,//boadiversao.com.br/guia/rio-de-janeiro/bares/local/id/1132/armazem_do_chopp-2
Armazém Senado,Centro,(21) 2509-7201,//boadiversao.com.br/guia/rio-de-janeiro/bares/local/id/1199/armazem_senado
Armazém 11,Méier,,//boadiversao.com.br/guia/rio-de-janeiro/bares/local/id/4262/armazem_11
Armazém Devassa,Ipanema,(21) 2540-8380,//boadiversao.com.br/guia/rio-de-janeiro/bares/local/id/1555/armazem_devassa
Armazém do Leme,Copacabana,(21) 2275-4049,//boadiversao.com.br/guia/rio-de-janeiro/bares/local/id/1707/armazem_do_leme20120611175613
Armazém GD,Centro,(21) 2507-9004,//boadiversao.com.br/guia/rio-de-janeiro/bares/local/id/4664/armazem_gd
Armazém São Thiago,Santa Teresa,(21) 2232-0822,//boadiversao.com.br/guia/rio-de-janeiro/bares/local/id/1197/armazem_sao_thiago-2
Art Chopp,Taquara,(21) 3268-5055,//boadiversao.com.br/guia/rio-de-janeiro/bares/local/id/4327/art_chopp
Artesanato da Cerveja Growler Station,Copacabana,,//boadiversao.com.br/guia/rio-de-janeiro/bares/local/id/4677/artesanato_da_cerveja_growler_station
As Melhores Cervejas do Mundo,Copacabana,(21) 3497-3808,//boadiversao.com.br/guia/rio-de-janeiro/bares/local/id/4376/as_melhores_cervejas_do_mundo
Assis Garrafaria,Cosme Velho,(21) 2205-3598,//boadiversao.com.br/guia/rio-de-janeiro/bares/local/id/4365/assis_garrafaria
Astro bar,Gávea,2259-0942,//boadiversao.com.br/guia/rio-de-janeiro/bares/local/id/1088/astro_bar_1088_1089_1089_1089_1089
Baby Beach Champanheria,Benfica,(21) 3895-2376,//boadiversao.com.br/guia/rio-de-janeiro/bares/local/id/4526/baby_beach_champanheria
Badalado Freguesia,Freguesia (Jacarepaguá),(21) 3591-9553 ,//boadiversao.com.br/guia/rio-de-janeiro/bares/local/id/4023/badalado_freguesia
Badalado Lagoa Club,Lagoa,(21) 99593-2428,//boadiversao.com.br/guia/rio-de-janeiro/bares/local/id/4845/badalado_lagoa_club
Badalado Lapa,Centro,(21) 3591-9553 ,//boadiversao.com.br/guia/rio-de-janeiro/bares/local/id/4024/badalado_lapa
Baixo Araguaia,Jacarepaguá,(21) 3392-3760,//boadiversao.com.br/guia/rio-de-janeiro/bares/local/id/1389/baixo_araguaia
Baixo Barra,Barra da Tijuca,,//boadiversao.com.br/guia/rio-de-janeiro/bares/local/id/1958/baixo_barra
Baixo Gago,Laranjeiras,(21) 2556-0638,//boadiversao.com.br/guia/rio-de-janeiro/bares/local/id/1388/baixo_gago
Balcão Clandestino,Ipanema,(21) 3795.2178,//boadiversao.com.br/guia/rio-de-janeiro/bares/local/id/4948/balcao_clandestino
Banana Jack,Ipanema,(21) 2521-9055,//boadiversao.com.br/guia/rio-de-janeiro/bares/local/id/13/banana_jack
Banana Jack,Barra da Tijuca,(21) 2491-1717,//boadiversao.com.br/guia/rio-de-janeiro/bares/local/id/4435/banana_jack20160106120705
Bangalô,Barra da Tijuca,(21) 2493-0313,//boadiversao.com.br/guia/rio-de-janeiro/bares/local/id/2642/bangalo
Bar & Beef,Barra da Tijuca,(21) 3435-4636,//boadiversao.com.br/guia/rio-de-janeiro/bares/local/id/4595/bar__beef
Bar & Co,Barra da Tijuca,(21) 98317-0049,//boadiversao.com.br/guia/rio-de-janeiro/bares/local/id/4914/bar__co
Bar 399,Barra da Tijuca,(21) 3495-0690,//boadiversao.com.br/guia/rio-de-janeiro/bares/local/id/1059/bar_399
Bar 399,Recreio dos Bandeirantes,,//boadiversao.com.br/guia/rio-de-janeiro/bares/local/id/4674/bar_39920170223154102
Bar Abençoado,Urca,(21) 2275-8925,//boadiversao.com.br/guia/rio-de-janeiro/bares/local/id/739/bar-abencoado
Bar Adonis - Benfica,Benfica,(21) 3890-2283,//boadiversao.com.br/guia/rio-de-janeiro/bares/local/id/748/bar-adonis---benfica
Bar Adonis - Nova América,Del Castilho,(21) 3083-1741,//boadiversao.com.br/guia/rio-de-janeiro/bares/local/id/747/bar-adonis---nova-america
Bar Antuérpia,Leblon,,//boadiversao.com.br/guia/rio-de-janeiro/bares/local/id/4774/bar_antuerpia
Bar Astor,Ipanema,2523-0085,//boadiversao.com.br/guia/rio-de-janeiro/bares/local/id/3935/bar_astor
Bar Bada,Gávea,2512-0993,//boadiversao.com.br/guia/rio-de-janeiro/bares/local/id/1082/bar_bada_1082_1083_1083_1083_1083_1083
Bar Boemia,Leblon,(21) 2511-3122,//boadiversao.com.br/guia/rio-de-janeiro/bares/local/id/1061/bar_boemia
Bar Brasil,Centro,(21) 2509-5943,//boadiversao.com.br/guia/rio-de-janeiro/bares/local/id/1203/bar_brasil
Bar Chalé,Tijuca,(21)2569-6362,//boadiversao.com.br/guia/rio-de-janeiro/bares/local/id/1273/bar_chale
Bar da Amendoeira,Maria da Graça,2501-4175,//boadiversao.com.br/guia/rio-de-janeiro/bares/local/id/1106/bar_da_amendoeira
Bar da Dona Maria,Tijuca,2238-5091,//boadiversao.com.br/guia/rio-de-janeiro/bares/local/id/1083/bar_da_dona_maria_1083_1084_1084
Bar da Eva,Grajaú,(21) 3647-9125,//boadiversao.com.br/guia/rio-de-janeiro/bares/local/id/3837/bar_da_eva
Bar da Frente,Praça da Bandeira,2502-0176,//boadiversao.com.br/guia/rio-de-janeiro/bares/local/id/1107/bar_da_frente
Bar da Gema,Tijuca,(21) 2208-9414,//boadiversao.com.br/guia/rio-de-janeiro/bares/local/id/799/bar_da_gema
Bar da Ladeira,Centro,(21) 2226-9691,//boadiversao.com.br/guia/rio-de-janeiro/bares/local/id/19/bar-da-ladeira
Bar da Lapa,Centro,(21) 2221-2542,//boadiversao.com.br/guia/rio-de-janeiro/bares/local/id/18/bar_da_lapa
Bar da Portuguesa,Ramos,2260-8979,//boadiversao.com.br/guia/rio-de-janeiro/bares/local/id/1110/bar_da_portuguesa
Bar da Praia por Jaeé,Leblon,,//boadiversao.com.br/guia/rio-de-janeiro/bares/local/id/1652/bar_da_praia_por_jaee
Bar das Quengas,Centro,(21) 2232-0670,//boadiversao.com.br/guia/rio-de-janeiro/bares/local/id/1204/bar_das_quengas
Bar de Lisboa El Gordo,Leblon,(21) 3079-9581,//boadiversao.com.br/guia/rio-de-janeiro/bares/local/id/4366/bar_de_lisboa_el_gordo
Bar Devassa,Centro,(21) 2223-0167,//boadiversao.com.br/guia/rio-de-janeiro/bares/local/id/109/bar-devassa-centro
Bar Devassa,Jardim Botânico,(21) 2274-1513,//boadiversao.com.br/guia/rio-de-janeiro/bares/local/id/112/bar-devassa-jardim-botanico
Bar Devassa,Copacabana,(21) 2236-0667,//boadiversao.com.br/guia/rio-de-janeiro/bares/local/id/113/bar-devassa-copacabana
Bar Devassa,Barra da Tijuca,(21) 2496-8989,//boadiversao.com.br/guia/rio-de-janeiro/bares/local/id/114/bar-devassa-praia-da-barra-da-tijuca
Bar Devassa,Barra da Tijuca,,//boadiversao.com.br/guia/rio-de-janeiro/bares/local/id/117/bar_devassa
Bar Devassa-Shopping New York City Center,Barra da Tijuca,(21) 2431-8251,//boadiversao.com.br/guia/rio-de-janeiro/bares/local/id/115/bar-devassa-shopping-new-york-city-center
Bar Devassa-Shopping Rio Design,Barra da Tijuca,(21) 2431-3649,//boadiversao.com.br/guia/rio-de-janeiro/bares/local/id/116/bar-devassa-shopping-rio-design
Bar do Adão,Tijuca,(21) 2570-5421,//boadiversao.com.br/guia/rio-de-janeiro/bares/local/id/759/bar-do-adao---tijuca
Bar do Adão,Centro,(21) 2232-2630,//boadiversao.com.br/guia/rio-de-janeiro/bares/local/id/760/bar-do-adao---lapa
Bar do Adão,Leblon,(21) 3495-8614,//boadiversao.com.br/guia/rio-de-janeiro/bares/local/id/761/bar_do_adao---leblon
Bar do Adão,Copacabana,(21) 3208-9311,//boadiversao.com.br/guia/rio-de-janeiro/bares/local/id/762/bar_do_adao---copacabana
Bar do Adão,Barra da Tijuca,(21) 2498-3744,//boadiversao.com.br/guia/rio-de-janeiro/bares/local/id/763/bar_do_adao---barra
Bar do Adão,Grajaú,(21) 2577-0730,//boadiversao.com.br/guia/rio-de-janeiro/bares/local/id/3828/bar_do_adao---grajau
Bar do Adão,Freguesia (Jacarepaguá),(21) 3178-6201,//boadiversao.com.br/guia/rio-de-janeiro/bares/local/id/3829/bar_do_adao---freguesia
Bar do Adão,Méier,(21) 3283-8086,//boadiversao.com.br/guia/rio-de-janeiro/bares/local/id/4266/bar_do_adao20141014145512
Bar do Alberto,Botafogo,(21)2286-0586,//boadiversao.com.br/guia/rio-de-janeiro/bares/local/id/1275/bar_do_alberto
Bar do Alemão,Gávea,(21) 2259-8003,//boadiversao.com.br/guia/rio-de-janeiro/bares/local/id/1036/bar_do_alemao
Bar do Arnaudo  ,Santa Teresa,(21) 2210-0817,//boadiversao.com.br/guia/rio-de-janeiro/bares/local/id/2143/bar_do_arnaudo_
Bar do Belmiro,Botafogo,(21) 2539-1354,//boadiversao.com.br/guia/rio-de-janeiro/bares/local/id/1474/bar_do_belmiro
Bar do Beto,Ipanema,2523-1443,//boadiversao.com.br/guia/rio-de-janeiro/bares/local/id/1147/bar_do_beto
Bar do Bode Cheiroso,Maracanã,(21) 2568-9511,//boadiversao.com.br/guia/rio-de-janeiro/bares/local/id/4330/bar_do_bode_cheiroso
Bar do Camarão,Galeão,,//boadiversao.com.br/guia/rio-de-janeiro/bares/local/id/1403/bar_do_camarao
Bar do Copa,Copacabana,(21) 2545-8790,//boadiversao.com.br/guia/rio-de-janeiro/bares/local/id/21/bar-do-copa
Bar do Costa,Vila Isabel,2204-0240,//boadiversao.com.br/guia/rio-de-janeiro/bares/local/id/1111/bar_do_costa
Bar do David,Leme,(21) 7808-2200,//boadiversao.com.br/guia/rio-de-janeiro/bares/local/id/764/bar-do-david
Bar do Ferreira,Leblon,2540-7014,//boadiversao.com.br/guia/rio-de-janeiro/bares/local/id/1235/bar_do_ferreira
Bar do Lado,Leblon,2172-1100,//boadiversao.com.br/guia/rio-de-janeiro/bares/local/id/1237/bar_do_lado
Bar do Mariano,Grajaú,(21) 2578-1232,//boadiversao.com.br/guia/rio-de-janeiro/bares/local/id/1276/bar_do_mariano
Bar do Meio - Icaraí,Icaraí,(21) 2619-2505,//boadiversao.com.br/guia/rio-de-janeiro/bares/local/id/1559/bar_do_meio__icarai
Bar do Meio - Piratininga,Piratininga,(21) 2619-2505,//boadiversao.com.br/guia/rio-de-janeiro/bares/local/id/1560/bar_do_meio__piratininga
Bar do Mineiro,Santa Teresa,(21) 2508-8580,//boadiversao.com.br/guia/rio-de-janeiro/bares/local/id/765/bar-do-mineiro
Bar do Momo,Tijuca,2570-9389,//boadiversao.com.br/guia/rio-de-janeiro/bares/local/id/1084/bar_do_momo_1084_1085
Bar do Nanam,Centro,,//boadiversao.com.br/guia/rio-de-janeiro/bares/local/id/4667/bar_do_nanam
Bar do Omar,Santo Cristo,21 2296-8437,//boadiversao.com.br/guia/rio-de-janeiro/bares/local/id/1347/bar_do_omar
Bar do Oswaldo,Barra da Tijuca,(21) 2493 - 1840,//boadiversao.com.br/guia/rio-de-janeiro/bares/local/id/1145/bar_do_oswaldo
Bar do Picote,Flamengo,(21) 2552-1799,//boadiversao.com.br/guia/rio-de-janeiro/bares/local/id/1547/bar_do_picote
Bar do Serafim ,Laranjeiras,2225-2843,//boadiversao.com.br/guia/rio-de-janeiro/bares/local/id/1174/bar_do_serafim_
Bar do Serginho,Santa Teresa,(21) 2509-6957,//boadiversao.com.br/guia/rio-de-janeiro/bares/local/id/1205/bar_do_serginho
Bar do Seu Tomé,Recreio dos Bandeirantes,(21) 2498-9730,//boadiversao.com.br/guia/rio-de-janeiro/bares/local/id/1146/bar_do_seu_tome
Bar do Tom,Leblon,2274-4022,//boadiversao.com.br/guia/rio-de-janeiro/bares/local/id/1239/bar_do_tom
Bar do Zeca Pagodinho,Barra da Tijuca,(21) 3030-9097,//boadiversao.com.br/guia/rio-de-janeiro/bares/local/id/4960/bar_do_zeca_pagodinho
Bar do Zequinha,Botafogo,(21)7321-7456,//boadiversao.com.br/guia/rio-de-janeiro/bares/local/id/1278/bar_do_zequinha
Bar dos Amigos,Jardim Botânico,(21) 2294-9005,//boadiversao.com.br/guia/rio-de-janeiro/bares/local/id/1279/bar_dos_amigos
Bar dos Descasados,Santa Teresa,(21) 2221-1406,//boadiversao.com.br/guia/rio-de-janeiro/bares/local/id/767/bar-dos-descasados
Bar dos Guerreiros,Laranjeiras,,//boadiversao.com.br/guia/rio-de-janeiro/bares/local/id/3911/bar_dos_guerreiros
Bar du Bom,Grajaú,(21) 2571-3370,//boadiversao.com.br/guia/rio-de-janeiro/bares/local/id/1113/bar_du_bom
Bar du Bom,Vila Isabel,(21) 3559-3947,//boadiversao.com.br/guia/rio-de-janeiro/bares/local/id/3840/bar_du_bom20121004154813
Bar D´Hôtel ,Leblon,(21) 2172-1100,//boadiversao.com.br/guia/rio-de-janeiro/bares/local/id/2264/bar_dhotel_
Bar e Champanheria Copacabana ,Copacabana, 7745.2143,//boadiversao.com.br/guia/rio-de-janeiro/bares/local/id/1188/bar_e_champanheria_copacabana_
Bar e Restaurante do Manolo,Botafogo,2552-4998,//boadiversao.com.br/guia/rio-de-janeiro/bares/local/id/1119/bar_e_restaurante_do_manolo
Bar e Restaurante Urca,Urca,(21) 2295-8744,//boadiversao.com.br/guia/rio-de-janeiro/bares/local/id/770/bar_e_restaurante_urca
Bar Escol,Copacabana,8162-3225,//boadiversao.com.br/guia/rio-de-janeiro/bares/local/id/1186/bar_escol
Bar Getúlio,Copacabana,(21) 2255-5272,//boadiversao.com.br/guia/rio-de-janeiro/bares/local/id/1530/bar_getulio
Bar Kalango,Praia da Bandeira,(21) 2504-0088,//boadiversao.com.br/guia/rio-de-janeiro/bares/local/id/4692/bar_kalango
Bar Leblon,Leblon,(21) 3596-3996,//boadiversao.com.br/guia/rio-de-janeiro/bares/local/id/4938/bar_leblon
Bar Léo,Centro,(21) 2509-5730,//boadiversao.com.br/guia/rio-de-janeiro/bares/local/id/4844/bar_leo
Bar Lounge San Remo,Lagoa,(21) 2249-8762,//boadiversao.com.br/guia/rio-de-janeiro/bares/local/id/3795/bar_lounge_san_remo
Bar Luiz,Centro,(21) 2262-6900,//boadiversao.com.br/guia/rio-de-janeiro/bares/local/id/1207/bar_luiz
Bar Nefertiti,Barra da Tijuca,(21) 3116-4140,//boadiversao.com.br/guia/rio-de-janeiro/bares/local/id/22/bar-nefertiti
Bar Ocidental,Centro,(21) 2253-4042,//boadiversao.com.br/guia/rio-de-janeiro/bares/local/id/1209/bar_ocidental
Bar Peixe & Cia,Centro,(21) 3970-2480,//boadiversao.com.br/guia/rio-de-janeiro/bares/local/id/1210/bar_peixe__cia
Bar Popeye,Ipanema,,//boadiversao.com.br/guia/rio-de-janeiro/bares/local/id/1280/bar_popeye
Bar Rebouças,Jardim Botânico,(21) 2286-3212,//boadiversao.com.br/guia/rio-de-janeiro/bares/local/id/769/bar-reboucas
Bar Varnhagen,Tijuca,2254-3062,//boadiversao.com.br/guia/rio-de-janeiro/bares/local/id/1093/varnhagen
Bar Vinte,Ipanema,2239-0546,//boadiversao.com.br/guia/rio-de-janeiro/bares/local/id/1151/bar_vinte
Barbieri,Centro,(21) 2507-2394,//boadiversao.com.br/guia/rio-de-janeiro/bares/local/id/1211/barbieri
Baretto Londra,Ipanema,3202-4000,//boadiversao.com.br/guia/rio-de-janeiro/bares/local/id/1153/baretto_londra
Barraca da Chiquita,São Cristóvão,3860-2929,//boadiversao.com.br/guia/rio-de-janeiro/bares/local/id/1115/barraca_da_chiquita
Barraca do Pepê,Barra da Tijuca,(21) 2433 1400,//boadiversao.com.br/guia/rio-de-janeiro/bares/local/id/1747/barraca_do_pepe
Barril 8000-Praia Barra da Tijuca,Barra da Tijuca,(21) 2433-1730,//boadiversao.com.br/guia/rio-de-janeiro/bares/local/id/24/barril_8000praia_barra_da_tijuca_1096
Barril 8000-Recreio,Barra da Tijuca,(21) 3150-9050,//boadiversao.com.br/guia/rio-de-janeiro/bares/local/id/25/barril-8000-recreio
Barril 8000-Shopping Downtown,Barra da Tijuca,(21) 3153-7740,//boadiversao.com.br/guia/rio-de-janeiro/bares/local/id/26/barril-8000-shopping-downtown
Barthodomeu,Ipanema,(21) 2247-8609,//boadiversao.com.br/guia/rio-de-janeiro/bares/local/id/1558/barthodomeu
Bartman,Flamengo,(21) 2558-6913,//boadiversao.com.br/guia/rio-de-janeiro/bares/local/id/4329/bartman
Barzin Rio Live,Ipanema,(21) 2522-1809,//boadiversao.com.br/guia/rio-de-janeiro/bares/local/id/1086/barzin_rio_live
Barzinga Geek Planet,Centro,(21) 96737-5624,//boadiversao.com.br/guia/rio-de-janeiro/bares/local/id/4775/barzinga_geek_planet
Bastarda Bike Café,Jardim Botânico,(21) 3577-8142,//boadiversao.com.br/guia/rio-de-janeiro/bares/local/id/4474/bastarda_bike_cafe
Bazar da Cantoria,São Cristóvão,(21) 2580-0521,//boadiversao.com.br/guia/rio-de-janeiro/bares/local/id/1773/bazar_da_cantoria
BeCo,Botafogo,,//boadiversao.com.br/guia/rio-de-janeiro/bares/local/id/4921/beco
Beco das Garrafas,Copacabana,(21) 96800-8683,//boadiversao.com.br/guia/rio-de-janeiro/bares/local/id/4281/beco_das_garrafas
Beco do Rato,Centro,(21) 2508-5600,//boadiversao.com.br/guia/rio-de-janeiro/bares/local/id/772/beco_do_rato
Beef Bar Escondido,Copacabana,(21) 2522-9800,//boadiversao.com.br/guia/rio-de-janeiro/bares/local/id/4090/beef_bar_escondido
Beer House 57,Humaitá,(21) 2143-4964,//boadiversao.com.br/guia/rio-de-janeiro/bares/local/id/4849/beer_house_57
Beer Jack Hideout,Botafogo,(21) 2226-0267,//boadiversao.com.br/guia/rio-de-janeiro/bares/local/id/1475/beer_jack_hideout
Beer Soccer Club,Jardim Vinte e Cinco de Agosto,(21) 2653-2196,//boadiversao.com.br/guia/rio-de-janeiro/bares/local/id/4104/beer_soccer_club
Beer Underground,Centro,(21) 2533-3861 ,//boadiversao.com.br/guia/rio-de-janeiro/bares/local/id/4306/beer_underground
Beer Underground Brasil,Centro,,//boadiversao.com.br/guia/rio-de-janeiro/bares/local/id/4451/beer_underground_brasil
BeerLab,Copacabana,,//boadiversao.com.br/guia/rio-de-janeiro/bares/local/id/4659/beerlab
Beertaste,Barra da Tijuca,(21) 2494-9136,//boadiversao.com.br/guia/rio-de-janeiro/bares/local/id/773/beertaste
Beertaste,Barra da Tijuca,(21) 4108-7808,//boadiversao.com.br/guia/rio-de-janeiro/bares/local/id/4223/beertaste20140813122353
Beiju,Botafogo,(21) 2286-6618,//boadiversao.com.br/guia/rio-de-janeiro/bares/local/id/1263/beiju
Belgian Beer Café,Ipanema,3256-2595,//boadiversao.com.br/guia/rio-de-janeiro/bares/local/id/1156/belgian_beer_cafe
BemDito ,São Francisco,,//boadiversao.com.br/guia/rio-de-janeiro/bares/local/id/3839/bemdito_
Bença,Leblon,(21) 97117-7446,//boadiversao.com.br/guia/rio-de-janeiro/bares/local/id/1234/benca
Benditho,Vila Isabel,2208-2346,//boadiversao.com.br/guia/rio-de-janeiro/bares/local/id/1118/benditho
Bento,Maracanã,(21) 3596-7583,//boadiversao.com.br/guia/rio-de-janeiro/bares/local/id/4293/bento
Berbigão ,Catete,(21) 2205-7245,//boadiversao.com.br/guia/rio-de-janeiro/bares/local/id/1533/berbigao_
Bezamat,Centro,(21) 3553-1579,//boadiversao.com.br/guia/rio-de-janeiro/bares/local/id/1212/bezamat
Bicho Carpinteiro,Pechincha,(21) 3392-5454,//boadiversao.com.br/guia/rio-de-janeiro/bares/local/id/1148/bicho_carpinteiro
Bier en Cultuur,Ipanema,(21) 3553-5716,//boadiversao.com.br/guia/rio-de-janeiro/bares/local/id/4183/bier_en_cultuur
Bier Park I,Leblon,(21) 2512-1423,//boadiversao.com.br/guia/rio-de-janeiro/bares/local/id/27/bier-park-i
Biergarten Tijuca,Tijuca,(21) 3269 9525,//boadiversao.com.br/guia/rio-de-janeiro/bares/local/id/4385/biergarten_tijuca
Big Ben Pub,Botafogo,(21) 2286-8120,//boadiversao.com.br/guia/rio-de-janeiro/bares/local/id/15/big_ben_pub
Bingo Bar e Restaurante,Jardim Botânico,(21) 2294-5498,//boadiversao.com.br/guia/rio-de-janeiro/bares/local/id/4442/bingo_bar_e_restaurante
Bip Bip,Copacabana,(21) 2267-9696,//boadiversao.com.br/guia/rio-de-janeiro/bares/local/id/774/bip-bip
"Birreria Escondido,CA",Botafogo,,//boadiversao.com.br/guia/rio-de-janeiro/bares/local/id/4440/birreria_escondidoca
Black Bar ,Leblon,3079-9581,//boadiversao.com.br/guia/rio-de-janeiro/bares/local/id/1251/black_bar_
Blend Steak Bar,Cachambi,(21) 3576-5309,//boadiversao.com.br/guia/rio-de-janeiro/bares/local/id/4913/blend_steak_bar
Bobô Bar,Méier,(21) 3495-8223,//boadiversao.com.br/guia/rio-de-janeiro/bares/local/id/4856/bobo_bar
Bodega Bebidas e Antepastos,Copacabana,(21) 96550-4763,//boadiversao.com.br/guia/rio-de-janeiro/bares/local/id/4780/bodega_bebidas_e_antepastos
Bog House & Jack Daniels Society,Tijuca,(21) 2147-6942,//boadiversao.com.br/guia/rio-de-janeiro/bares/local/id/3950/bog_house__jack_daniels_society
Bola de Cristal Bilhar e Bar,Catete,(21) 2265-9696,//boadiversao.com.br/guia/rio-de-janeiro/bares/local/id/3783/bola_de_cristal_bilhar_e_bar
Bom Sujeito,Barra da Tijuca,(21) 2491-8955,//boadiversao.com.br/guia/rio-de-janeiro/bares/local/id/29/bom-sujeito
Bon Vivant,Botafogo,(21) 2537-2857,//boadiversao.com.br/guia/rio-de-janeiro/bares/local/id/2228/bon_vivant
Booze Bar,Centro,(21) 2252-1588,//boadiversao.com.br/guia/rio-de-janeiro/bares/local/id/4400/booze_bar
Bossa Nossa-Lapa,Centro,(21) 2232-4959,//boadiversao.com.br/guia/rio-de-janeiro/bares/local/id/31/bossa_nossalapa
Bossa Nossa-Rio II,Jacarepaguá,(21) 2441-1630,//boadiversao.com.br/guia/rio-de-janeiro/bares/local/id/32/bossa_nossario_ii
Botafogo Brothers Hostel,Botafogo,(21) 2551-0997,//boadiversao.com.br/guia/rio-de-janeiro/bares/local/id/491/botafogo-brothers-hostel
Boteco 98,Botafogo,(21) 2539-4971,//boadiversao.com.br/guia/rio-de-janeiro/bares/local/id/4042/boteco_98
Boteco Belmonte,Ipanema,(21) 2267-9909,//boadiversao.com.br/guia/rio-de-janeiro/bares/local/id/905/boteco_belmonte_-_ipanema
Boteco Belmonte,Jardim Botânico,(21) 2239-1649,//boadiversao.com.br/guia/rio-de-janeiro/bares/local/id/909/boteco_belmonte_-_jardim_botanico
Boteco Belmonte,Copacabana,(21) 2255-9696,//boadiversao.com.br/guia/rio-de-janeiro/bares/local/id/910/boteco_belmonte_-_copacabana
Boteco Belmonte,Urca,(21) 2543-1268,//boadiversao.com.br/guia/rio-de-janeiro/bares/local/id/911/boteco_belmonte_-_urca
Boteco Belmonte,Centro,(21) 2224-2169,//boadiversao.com.br/guia/rio-de-janeiro/bares/local/id/912/boteco_belmonte_-_centro
Boteco Belmonte,Flamengo,(21) 2552-3349,//boadiversao.com.br/guia/rio-de-janeiro/bares/local/id/913/boteco_belmonte_-_flamengo
Boteco Belmonte,Leblon,(21) 2294-2849,//boadiversao.com.br/guia/rio-de-janeiro/bares/local/id/914/boteco_belmonte_-_leblon
Boteco Bem Bolado,Flamengo,(21) 3586-0546,//boadiversao.com.br/guia/rio-de-janeiro/bares/local/id/1532/boteco_bem_bolado
Boteco Boa Praça,Leblon,,//boadiversao.com.br/guia/rio-de-janeiro/bares/local/id/4971/boteco_boa_praca
Boteco Cabidinho,Botafogo,(21) 2527-2942,//boadiversao.com.br/guia/rio-de-janeiro/bares/local/id/792/boteco_cabidinho
Boteco Carioquinha,Centro,(21) 2252-3025,//boadiversao.com.br/guia/rio-de-janeiro/bares/local/id/1217/boteco_carioquinha
Boteco Casual,Centro,(21) 2221-2626,//boadiversao.com.br/guia/rio-de-janeiro/bares/local/id/1214/boteco_casual
Boteco Colarinho,Botafogo,(21) 2286-5889,//boadiversao.com.br/guia/rio-de-janeiro/bares/local/id/777/boteco_colarinho
Boteco D.O.C.,Laranjeiras,(21) 3486-2550,//boadiversao.com.br/guia/rio-de-janeiro/bares/local/id/4146/boteco_doc
Boteco da Enny,Lins de Vasconcelos,(21) 3176-6861,//boadiversao.com.br/guia/rio-de-janeiro/bares/local/id/4331/boteco_da_enny
Boteco da Garrafa,Copacabana,2255-1680,//boadiversao.com.br/guia/rio-de-janeiro/bares/local/id/1189/boteco_da_garrafa
Boteco da Praia,Flamengo,(21) 2225-3500,//boadiversao.com.br/guia/rio-de-janeiro/bares/local/id/1058/boteco_da_praia
Boteco do Gomes,Centro,(21) 2531-9717,//boadiversao.com.br/guia/rio-de-janeiro/bares/local/id/1216/boteco_do_gomes
Boteco do Raoni,Tijuca,(21) 3556-3131,//boadiversao.com.br/guia/rio-de-janeiro/bares/local/id/4822/boteco_do_raoni
Boteco du Carvalho,Botafogo,(21) 3586-2223,//boadiversao.com.br/guia/rio-de-janeiro/bares/local/id/34/boteco-du-carvalho
Boteco Olé,Botafogo,2537-9267,//boadiversao.com.br/guia/rio-de-janeiro/bares/local/id/1112/boteco_ole
Boteco Taco,Humaitá,(21) 2539-5109,//boadiversao.com.br/guia/rio-de-janeiro/bares/local/id/1114/boteco_taco
Boteko do Juca,Centro,(21) 2242-5372,//boadiversao.com.br/guia/rio-de-janeiro/bares/local/id/1218/boteko_do_juca
Botequim Bafafá,Glória,(21) 2292-7532,//boadiversao.com.br/guia/rio-de-janeiro/bares/local/id/1392/botequim_bafafa
Botequim Bate-Papo,Leblon,(21) 2529-2110,//boadiversao.com.br/guia/rio-de-janeiro/bares/local/id/1062/botequim_batepapo
Botequim do Itahy - Ipanema II,Ipanema,(21) 2247-3356,//boadiversao.com.br/guia/rio-de-janeiro/bares/local/id/1642/botequim_do_itahy__ipanema_ii
Botequim do Itahy - Leblon,Leblon,(21) 2512-7446,//boadiversao.com.br/guia/rio-de-janeiro/bares/local/id/1643/botequim_do_itahy__leblon
Botequim do Principe,Centro,(21) 2215-8896,//boadiversao.com.br/guia/rio-de-janeiro/bares/local/id/1219/botequim_do_principe
Botequim Imperial,Humaitá,2527-4831,//boadiversao.com.br/guia/rio-de-janeiro/bares/local/id/1116/botequim_imperial
Botequim Informal,Leblon,(21) 2540-5504,//boadiversao.com.br/guia/rio-de-janeiro/bares/local/id/37/botequim_informal20120911174655
Botequim Informal,Ipanema,(21) 2247-6711,//boadiversao.com.br/guia/rio-de-janeiro/bares/local/id/38/botequim_informal20120911174643
Botequim Informal,Copacabana,(21) 3816-0909,//boadiversao.com.br/guia/rio-de-janeiro/bares/local/id/41/botequim_informal20120911174616
Botequim Informal,Copacabana,(21) 3215-2871,//boadiversao.com.br/guia/rio-de-janeiro/bares/local/id/42/botequim_informal20120911174558
Botequim Informal,São Francisco,(21) 2610-3031,//boadiversao.com.br/guia/rio-de-janeiro/bares/local/id/1578/botequim_informal
Botequim Informal-Botafogo Praia Shopping,Botafogo,(21) 3171-6442,//boadiversao.com.br/guia/rio-de-janeiro/bares/local/id/40/botequim_informalbotafogo_praia_shopping
Botequim Informal-Norte Shopping,Cachambi,(21) 2229-3145,//boadiversao.com.br/guia/rio-de-janeiro/bares/local/id/44/botequim_informalnorte_shopping
Botequim Informal-Shopping Via Brasil,Irajá,,//boadiversao.com.br/guia/rio-de-janeiro/bares/local/id/47/botequim_informalshopping_via_brasil
Botequim Itahy Premium Beer,Recreio dos Bandeirantes,(21) 3388-6244,//boadiversao.com.br/guia/rio-de-janeiro/bares/local/id/4284/botequim_itahy_premium_beer
Botequim Itaipava ,Botafogo,(21) 2553-8384,//boadiversao.com.br/guia/rio-de-janeiro/bares/local/id/1031/botequim_itaipava_
Botequim Raízes,Tijuca,(21) 2567-8692,//boadiversao.com.br/guia/rio-de-janeiro/bares/local/id/4813/botequim_raizes
Botequim Rio Antigo,Olaria,(21) 3867.6124,//boadiversao.com.br/guia/rio-de-janeiro/bares/local/id/4332/botequim_rio_antigo
Botequim Salve Simpatia,Centro,(21) 2717-1043,//boadiversao.com.br/guia/rio-de-janeiro/bares/local/id/4712/botequim_salve_simpatia
Botequim Seu Pires,Gávea,2294-0977,//boadiversao.com.br/guia/rio-de-janeiro/bares/local/id/1087/botequim_seu_pires_1087_1088
Botero,Laranjeiras,(21) 3734-3701,//boadiversao.com.br/guia/rio-de-janeiro/bares/local/id/4164/botero
Bottle´s Bar,Copacabana,(21) 96800-8683,//boadiversao.com.br/guia/rio-de-janeiro/bares/local/id/4238/bottles_bar
Botto Bar,Botafogo,,//boadiversao.com.br/guia/rio-de-janeiro/bares/local/id/778/botto_bar20170711093000
Botto Bar,Praça da Bandeira,(21) 3496-7407,//boadiversao.com.br/guia/rio-de-janeiro/bares/local/id/3976/botto_bar
Braseiro da Gávea,Gávea,(21) 2239-7494,//boadiversao.com.br/guia/rio-de-janeiro/bares/local/id/785/braseiro-da-gavea
Brewteco,Leblon,(21) 2512-3114,//boadiversao.com.br/guia/rio-de-janeiro/bares/local/id/4134/brewteco
Brewteco,Barra da Tijuca,,//boadiversao.com.br/guia/rio-de-janeiro/bares/local/id/4455/brewteco20160229152421
Brigite's,Leblon,(21) 2274-5590,//boadiversao.com.br/guia/rio-de-janeiro/bares/local/id/3763/brigites
Brou,Flamengo,(21) 2556-0618,//boadiversao.com.br/guia/rio-de-janeiro/bares/local/id/108/brou
Bubble Bar,Ipanema,(21) 3202-2884,//boadiversao.com.br/guia/rio-de-janeiro/bares/local/id/3942/bubble_bar
Bukowski,Botafogo,(21) 2244-7303,//boadiversao.com.br/guia/rio-de-janeiro/bares/local/id/53/bukowski
Bunda de Fora,Ipanema,(21) 2513-4745,//boadiversao.com.br/guia/rio-de-janeiro/bares/local/id/1314/bunda_de_fora
Burgertopia,Tijuca,,//boadiversao.com.br/guia/rio-de-janeiro/bares/local/id/4820/burgertopia
Buteco Dus Deuses,Grajaú,(21) 3796-5904,//boadiversao.com.br/guia/rio-de-janeiro/bares/local/id/4458/buteco_dus_deuses
Buteskina ,Copacabana,2256-5439,//boadiversao.com.br/guia/rio-de-janeiro/bares/local/id/1190/buteskina_
Buxixo Choperia-Recreio,Recreio dos Bandeirantes,(21) 2490-5000,//boadiversao.com.br/guia/rio-de-janeiro/bares/local/id/55/buxixo-choperia-recreio
Buxixo Choperia-Tijuca,Tijuca,(21) 2264-8484,//boadiversao.com.br/guia/rio-de-janeiro/bares/local/id/54/buxixo-choperia-tijuca
Byblô Gastronomia & Música,Centro,(21) 2148-6169,//boadiversao.com.br/guia/rio-de-janeiro/bares/local/id/1990/byblo_gastronomia__musica
Cabaça do Minho,Centro,(21) 2509-2338,//boadiversao.com.br/guia/rio-de-janeiro/bares/local/id/2340/cabaca_do_minho
Cachaçaria do Petisco,Del Castilho,2583-1500,//boadiversao.com.br/guia/rio-de-janeiro/bares/local/id/1121/cachacaria_do_petisco
Cachaça Esporte Clube,Santa Teresa,(21) 2242 4580,//boadiversao.com.br/guia/rio-de-janeiro/bares/local/id/4071/cachaca_esporte_clube
Cachaça Social Club,Centro,,//boadiversao.com.br/guia/rio-de-janeiro/bares/local/id/4655/cachaca_social_club
Cachambeer,Cachambi,3597-2002,//boadiversao.com.br/guia/rio-de-janeiro/bares/local/id/1126/cachambeer
Caçula de Ipanema,Ipanema,(21) 2540-6818,//boadiversao.com.br/guia/rio-de-janeiro/bares/local/id/1644/cacula_de_ipanema
Cadeg,Benfica,(21) 3890.0202,//boadiversao.com.br/guia/rio-de-janeiro/bares/local/id/1299/cadeg
Café du Midi,Botafogo,(21) 2527-4044,//boadiversao.com.br/guia/rio-de-janeiro/bares/local/id/1267/cafe_du_midi-2
Café Etílico,Barra da Tijuca,2490-1684,//boadiversao.com.br/guia/rio-de-janeiro/bares/local/id/1150/cafe_etilico
Café Gaúcho,Centro,(21) 2533 4838,//boadiversao.com.br/guia/rio-de-janeiro/bares/local/id/1221/cafe_gaucho
Café Cultural Sacrilégio,Centro,(21) 3970-1461,//boadiversao.com.br/guia/rio-de-janeiro/bares/local/id/1220/cafe_cultural_sacrilegio
Cafe de la Musique Beach,Leblon,(21) 97923-3761,//boadiversao.com.br/guia/rio-de-janeiro/bares/local/id/4781/cafe_de_la_musique_beach
Café dois4sete ,Leblon,(21) 2274-2897,//boadiversao.com.br/guia/rio-de-janeiro/bares/local/id/4068/cafe_dois4sete_
Café Épico,Centro,(21) 2411-2243,//boadiversao.com.br/guia/rio-de-janeiro/bares/local/id/4386/cafe_epico
Cafofo Pub,Botafogo,(21) 3496-0865,//boadiversao.com.br/guia/rio-de-janeiro/bares/local/id/3914/cafofo_pub
Cais Cultural,Saúde,(21) 2223-4544,//boadiversao.com.br/guia/rio-de-janeiro/bares/local/id/59/cais-cultural
Calabouço Heavy & Rock,Tijuca,2268-7014,//boadiversao.com.br/guia/rio-de-janeiro/bares/local/id/1100/calabouco_heavy__rock_1100_1101
Calavera Kitchen & Bar,Humaitá,(21) 3734-5461,//boadiversao.com.br/guia/rio-de-janeiro/bares/local/id/4369/calavera_kitchen__bar
Canastra Bar,Ipanema,,//boadiversao.com.br/guia/rio-de-janeiro/bares/local/id/4669/canastra_bar
Cantinho das Concertinas,Benfica,2580-4326,//boadiversao.com.br/guia/rio-de-janeiro/bares/local/id/1124/cantinho_das_concertinas
Cantinho do Leblon,Leblon,2294-0946,//boadiversao.com.br/guia/rio-de-janeiro/bares/local/id/1244/cantinho_do_leblon
Capitania dos Copos,Tubiacanga,(21) 3368-9498,//boadiversao.com.br/guia/rio-de-janeiro/bares/local/id/3838/capitania_dos_copos
Caravela do Visconde,Botafogo,2266-3128,//boadiversao.com.br/guia/rio-de-janeiro/bares/local/id/1120/caravela_do_visconde
Carioca Bar e Botequim,Barra da Tijuca,(21) 2494-5018,//boadiversao.com.br/guia/rio-de-janeiro/bares/local/id/1152/carioca_bar_e_botequim
Cariocando,Catete,(21) 2557-3646,//boadiversao.com.br/guia/rio-de-janeiro/bares/local/id/1534/cariocando
Carismático Bar & Cozinha  ,Gávea,(21) 2540-5137,//boadiversao.com.br/guia/rio-de-janeiro/bares/local/id/1548/carismatico_bar__cozinha_
Caroline Café,Jardim Botânico,(21) 2540-0705,//boadiversao.com.br/guia/rio-de-janeiro/bares/local/id/1682/caroline_cafe
Casa Camolese,Jardim Botânico,(21) 3514-8200,//boadiversao.com.br/guia/rio-de-janeiro/bares/local/id/4801/casa_camolese
Casa da Cachaça,Leblon,2274-1122,//boadiversao.com.br/guia/rio-de-janeiro/bares/local/id/1246/casa_da_cachaca
Casa da Cachaça,Centro,,//boadiversao.com.br/guia/rio-de-janeiro/bares/local/id/4072/casa_da_cachaca20130913170502
Casa da Mãe Joana,Centro,(21) 2224-4071,//boadiversao.com.br/guia/rio-de-janeiro/bares/local/id/1222/casa_da_mae_joana
Casa Levi’s® Rio,Botafogo,,//boadiversao.com.br/guia/rio-de-janeiro/bares/local/id/4707/casa_levis_rio
Casa Momus,Centro,(21) 3852-8250,//boadiversao.com.br/guia/rio-de-janeiro/bares/local/id/4180/casa_momus
Casa Paladino,Centro,(21) 2263-2094,//boadiversao.com.br/guia/rio-de-janeiro/bares/local/id/1223/casa_paladino
Casa Villarino,Centro,(21) 2240-9634,//boadiversao.com.br/guia/rio-de-janeiro/bares/local/id/1224/casa_villarino
Casarão 1903,Botafogo,(21) 2551-9749,//boadiversao.com.br/guia/rio-de-janeiro/bares/local/id/4444/casarao_1903
Casarão Esteves Bar,Botafogo,21 2551-9749,//boadiversao.com.br/guia/rio-de-janeiro/bares/local/id/1348/casarao_esteves_bar
Castelo do Vinho,Pechincha,(21) 2424-7702,//boadiversao.com.br/guia/rio-de-janeiro/bares/local/id/70/castelo_do_vinho
Casual Retrô,Centro,(21) 2233-6904,//boadiversao.com.br/guia/rio-de-janeiro/bares/local/id/2610/casual_retro
Catrin ,Centro,(21)79179999,//boadiversao.com.br/guia/rio-de-janeiro/bares/local/id/1169/catrin_
Cave Nacional,Botafogo,(21) 3923-5561,//boadiversao.com.br/guia/rio-de-janeiro/bares/local/id/4731/cave_nacional
Caverna,Botafogo,(21) 3507-5600,//boadiversao.com.br/guia/rio-de-janeiro/bares/local/id/4216/caverna
Centro Cultural Carioca,Centro,(21) 2252-6468,//boadiversao.com.br/guia/rio-de-janeiro/bares/local/id/71/centro_cultural_carioca
Centro Cultural Estudantina Musical,Centro,(21) 2232-1149,//boadiversao.com.br/guia/rio-de-janeiro/bares/local/id/143/centro_cultural_estudantina_musical
Centro Cultural Memórias do Rio,Centro,(21) 2221-5441,//boadiversao.com.br/guia/rio-de-janeiro/bares/local/id/1225/centro_cultural_memorias_do_rio
Centro Cultural Solar de Botafogo-Efe Café,Botafogo,,//boadiversao.com.br/guia/rio-de-janeiro/bares/local/id/123/centro-cultural-solar-de-botafogo-efe-cafe
Cerveja Social Clube,Tijuca,(21) 2210-1378,//boadiversao.com.br/guia/rio-de-janeiro/bares/local/id/4177/cerveja_social_clube
Cervejaria Suingue,Cachambi,2595-2794,//boadiversao.com.br/guia/rio-de-janeiro/bares/local/id/1128/cervejaria_suingue
Cevada,Copacabana,2547-5337,//boadiversao.com.br/guia/rio-de-janeiro/bares/local/id/1201/cevada
Champa,Barra da Tijuca,(21) 2493-1371,//boadiversao.com.br/guia/rio-de-janeiro/bares/local/id/3961/champa
Champanharia Ovelha Negra,Botafogo,(21) 2226-1064,//boadiversao.com.br/guia/rio-de-janeiro/bares/local/id/74/champanharia_ovelha_negra
Champanharia The Line-Bistrô,Centro,(21) 2233-3571,//boadiversao.com.br/guia/rio-de-janeiro/bares/local/id/78/champanharia-the-line-bistro
Charbon Rouge,Lagoa,,//boadiversao.com.br/guia/rio-de-janeiro/bares/local/id/4806/charbon_rouge
Charbon Rouge Barra,Barra da Tijuca,(21) 99347-7116,//boadiversao.com.br/guia/rio-de-janeiro/bares/local/id/4922/charbon_rouge_barra
Che Lagarto,Copacabana,(21) 2256-2776,//boadiversao.com.br/guia/rio-de-janeiro/bares/local/id/546/che-lagarto
Chico e Alaíde,Leblon,(21) 2512-0028,//boadiversao.com.br/guia/rio-de-janeiro/bares/local/id/795/chico-e-alaide
Choperia Galeto Bandeira,Maracanã,,//boadiversao.com.br/guia/rio-de-janeiro/bares/local/id/4393/choperia_galeto_bandeira20150930151227
Chopperia Brazooka,Centro,(21) 2226-9691,//boadiversao.com.br/guia/rio-de-janeiro/bares/local/id/1066/chopperia_brazooka
ChoppTime,Botafogo,(21) 3598-0167,//boadiversao.com.br/guia/rio-de-janeiro/bares/local/id/4076/chopptime
Cine Botequim,Centro,(21) 2253-1414,//boadiversao.com.br/guia/rio-de-janeiro/bares/local/id/79/cine-botequim
Clandestino Bar,Copacabana,(21) 2275-2205,//boadiversao.com.br/guia/rio-de-janeiro/bares/local/id/85/clandestino-bar
Clandestino Mex ,Copacabana,3209-0348,//boadiversao.com.br/guia/rio-de-janeiro/bares/local/id/1213/clandestino_mex_
Clássico Beach Downwind,Barra da Tijuca,(21) 98181-7282,//boadiversao.com.br/guia/rio-de-janeiro/bares/local/id/4685/classico_beach_downwind
Clube do Taco,Copacabana,(21) 2255-4934,//boadiversao.com.br/guia/rio-de-janeiro/bares/local/id/1502/clube_do_taco
Cobal do Humaitá,Humaitá,(21) 2537-0186,//boadiversao.com.br/guia/rio-de-janeiro/bares/local/id/1300/cobal_do_humaita
Cobal do Leblon,Leblon,,//boadiversao.com.br/guia/rio-de-janeiro/bares/local/id/1296/cobal_do_leblon
CoLAB Rio,Botafogo,(21) 3592-0470,//boadiversao.com.br/guia/rio-de-janeiro/bares/local/id/4566/colab_rio
Combinado Carioca,Humaitá,(21) 3253-3210,//boadiversao.com.br/guia/rio-de-janeiro/bares/local/id/4605/combinado_carioca
Comedoria,Leblon,(21) 2294-2913,//boadiversao.com.br/guia/rio-de-janeiro/bares/local/id/4121/comedoria
Comuna,Botafogo,,//boadiversao.com.br/guia/rio-de-janeiro/bares/local/id/1847/comuna
Confraria Carioca Emporium,Copacabana,(21) 2244-2286,//boadiversao.com.br/guia/rio-de-janeiro/bares/local/id/1763/confraria_carioca_emporium
Conversa Fiada-Barra,Barra da Tijuca,(21) 2496-3222,//boadiversao.com.br/guia/rio-de-janeiro/bares/local/id/102/conversa-fiada-barra
Conversa Fiada-Leblon,Leblon,(21) 2512-9767,//boadiversao.com.br/guia/rio-de-janeiro/bares/local/id/101/conversa-fiada-leblon
Conversa Fiada-Tijuca,Tijuca,(21) 2572-8947,//boadiversao.com.br/guia/rio-de-janeiro/bares/local/id/99/conversa-fiada-tijuca
Coordenadas Bar,Botafogo,,//boadiversao.com.br/guia/rio-de-janeiro/bares/local/id/4621/coordenadas_bar
Copa Club,Copacabana,(21) 2235-2947,//boadiversao.com.br/guia/rio-de-janeiro/bares/local/id/1505/copa_club
Copa e Arte Creperia,Copacabana,(21)7832-0127,//boadiversao.com.br/guia/rio-de-janeiro/bares/local/id/1511/copa_e_arte_creperia
Cosmopolitan,Centro,(21) 2220-9008,//boadiversao.com.br/guia/rio-de-janeiro/bares/local/id/104/cosmopolitan
Costello da Barra,Barra da Tijuca,(21) 3495-4401,//boadiversao.com.br/guia/rio-de-janeiro/bares/local/id/1154/costello_da_barra
Costello da Gávea,Gávea,(21) 3988-3404,//boadiversao.com.br/guia/rio-de-janeiro/bares/local/id/1552/costello_da_gavea
Crazy Cats Bistrô,Botafogo,(21) 980147166,//boadiversao.com.br/guia/rio-de-janeiro/bares/local/id/4315/crazy_cats_bistro
Cru Natural Wine Bar,Botafogo,,//boadiversao.com.br/guia/rio-de-janeiro/bares/local/id/4871/cru_natural_wine_bar
Crustô,Ipanema,(21) 2179-9516,//boadiversao.com.br/guia/rio-de-janeiro/bares/local/id/4037/crusto
Cumpadres Botequim,Humaitá,(21) 3596-7769,//boadiversao.com.br/guia/rio-de-janeiro/bares/local/id/36/cumpadres_botequim20170213120439
Cumpadres Botequim,Copacabana,(21) 3079-4090,//boadiversao.com.br/guia/rio-de-janeiro/bares/local/id/4652/cumpadres_botequim
Curadoria,Barra da Tijuca,(21) 99274-6863,//boadiversao.com.br/guia/rio-de-janeiro/bares/local/id/4828/curadoria
Da Roberta: Bar de Comida de Rua,Leblon,(21) 2239-1103,//boadiversao.com.br/guia/rio-de-janeiro/bares/local/id/4428/da_roberta_bar_de_comida_de_rua
Dafoca,Botafogo,(21) 2553-7045,//boadiversao.com.br/guia/rio-de-janeiro/bares/local/id/4328/dafoca
Delirium Café,Ipanema,(21) 2502-0029,//boadiversao.com.br/guia/rio-de-janeiro/bares/local/id/797/delirium-cafe
Derby Bar,Gávea,(21) 2274-1867,//boadiversao.com.br/guia/rio-de-janeiro/bares/local/id/4075/derby_bar
Desacato,Leblon,(21) 2512-7373,//boadiversao.com.br/guia/rio-de-janeiro/bares/local/id/1245/desacato
Destemidos Pub & Burgueria,Botafogo,(21) 3734-0777,//boadiversao.com.br/guia/rio-de-janeiro/bares/local/id/4430/destemidos_pub__burgueria
Destilado Bar,Del Castilho,3083-1855,//boadiversao.com.br/guia/rio-de-janeiro/bares/local/id/1130/destilado_bar
Desvio,Centro,(21) 2221-2084,//boadiversao.com.br/guia/rio-de-janeiro/bares/local/id/4982/desvio
DeVeras Café,Botafogo,(021) 2535-0041,//boadiversao.com.br/guia/rio-de-janeiro/bares/local/id/1262/deveras_cafe
Diagonal Grill,Leblon,(21) 2259-0888,//boadiversao.com.br/guia/rio-de-janeiro/bares/local/id/800/bar_e_restaurante_diagonal
Dida Bar e Restaurante,Praça da Bandeira,(21) 2504-0841,//boadiversao.com.br/guia/rio-de-janeiro/bares/local/id/4453/dida_bar_e_restaurante
Do Horto,Jardim Botânico,(21) 3114-8439,//boadiversao.com.br/guia/rio-de-janeiro/bares/local/id/801/do-horto
Doc Garrafaria,Barra da Tijuca,(21) 2495-3790,//boadiversao.com.br/guia/rio-de-janeiro/bares/local/id/119/doc-garrafaria
Docas Cantareira,São Domingos,(21) 3628-4942,//boadiversao.com.br/guia/rio-de-janeiro/bares/local/id/4614/docas_cantareira
Down Jones Market Beer,Botafogo,(21) 2539-2809,//boadiversao.com.br/guia/rio-de-janeiro/bares/local/id/4879/down_jones_market_beer
DöZen Art Bar,Leblon,,//boadiversao.com.br/guia/rio-de-janeiro/bares/local/id/4972/dzen_art_bar
Dr. Cerveja - Niterói Plaza,Centro,,//boadiversao.com.br/guia/rio-de-janeiro/bares/local/id/4156/dr_cerveja__niteroi_plaza
Dr. Cerveja - Norte Shopping,Pilares,,//boadiversao.com.br/guia/rio-de-janeiro/bares/local/id/4155/dr_cerveja__norte_shopping
Dr. Cerveja -Casa & Gourmet Shopping,Botafogo,,//boadiversao.com.br/guia/rio-de-janeiro/bares/local/id/4157/dr_cerveja_casa__gourmet_shopping
Drink Café,Humaitá,(21) 2239-4136,//boadiversao.com.br/guia/rio-de-janeiro/bares/local/id/1688/drink_cafe
Drinker,Botafogo,(21) 3449-7113,//boadiversao.com.br/guia/rio-de-janeiro/bares/local/id/3891/drinker
du Moçada Bar Gourmet,Piedade,(21) 3285-4767,//boadiversao.com.br/guia/rio-de-janeiro/bares/local/id/4557/du_mocada_bar_gourmet
Duck Walk Pub,Praça da Bandeira,(21) 3860-1711,//boadiversao.com.br/guia/rio-de-janeiro/bares/local/id/3858/duck_walk_pub
Dumont Arte Bar,Gávea,(21) 3199-0151,//boadiversao.com.br/guia/rio-de-janeiro/bares/local/id/4808/dumont_arte_bar
Eclético Bar e Restaurante,Barra da Tijuca,(21) 2439-0190,//boadiversao.com.br/guia/rio-de-janeiro/bares/local/id/122/ecletico-bar-e-restaurante
Empório,Ipanema,(21) 3813-2526,//boadiversao.com.br/guia/rio-de-janeiro/bares/local/id/1556/emporio
Emporio 53,Centro,(21) 2508-5509,//boadiversao.com.br/guia/rio-de-janeiro/bares/local/id/124/emporio-53
Empório Colonial,Centro,,//boadiversao.com.br/guia/rio-de-janeiro/bares/local/id/4678/emporio_colonial
Empório das Frutas,Tauá,21 3396-3286,//boadiversao.com.br/guia/rio-de-janeiro/bares/local/id/1349/emporio_das_frutas
Empório Park,Barra da Tijuca,(21) 2492-1660,//boadiversao.com.br/guia/rio-de-janeiro/bares/local/id/1155/emporio_park
Enchendo linguiça,Grajaú,(21) 2576-5727,//boadiversao.com.br/guia/rio-de-janeiro/bares/local/id/802/enchendo-linguica
Encurralado Botequim,Barra da Tijuca,(21) 2492-1258,//boadiversao.com.br/guia/rio-de-janeiro/bares/local/id/1157/encurralado_botequim
Ernesto,Centro,(21) 2509 6455,//boadiversao.com.br/guia/rio-de-janeiro/bares/local/id/1228/ernesto
Escobar,Leblon,(21) 2249-2619,//boadiversao.com.br/guia/rio-de-janeiro/bares/local/id/4078/escobar
EscritóRio Bar e Restaurante,Botafogo,(21) 3439-5908,//boadiversao.com.br/guia/rio-de-janeiro/bares/local/id/4142/bar_e_restaurante_escritorio
Espírito do Chopp,Humaitá,2266-5599,//boadiversao.com.br/guia/rio-de-janeiro/bares/local/id/1123/espirito_do_chopp-2
Espaço Cultural Maurice Valansi,Botafogo,(21) 2527-4044,//boadiversao.com.br/guia/rio-de-janeiro/bares/local/id/132/espaco-cultural-maurice-valansi
Espaço Lapa Café,Centro,(21) 3971-6812,//boadiversao.com.br/guia/rio-de-janeiro/bares/local/id/816/lapa-cafe
Espaço Rio Carioca,Laranjeiras,(21) 2225-7332,//boadiversao.com.br/guia/rio-de-janeiro/bares/local/id/128/espaco-rio-carioca
Espelunca Chic,Copacabana,(21) 2236-4090,//boadiversao.com.br/guia/rio-de-janeiro/bares/local/id/1510/espelunca_chic
Espetinho & Etc,Barra da Tijuca,(21) 2135-0762,//boadiversao.com.br/guia/rio-de-janeiro/bares/local/id/139/espetinho-&-etc
Espetto Carioca - Barra,Barra da Tijuca,(21) 2498-3316,//boadiversao.com.br/guia/rio-de-janeiro/bares/local/id/1716/espetto_carioca__barra
Espetto Carioca - Jacarepaguá,Jacarepaguá,(21) 3647-4562,//boadiversao.com.br/guia/rio-de-janeiro/bares/local/id/1717/espetto_carioca__jacarepagua
Espetto Carioca - Nova Iguaçu,Centro,(21) 2667-1241,//boadiversao.com.br/guia/rio-de-janeiro/bares/local/id/1719/espetto_carioca__nova_iguacu
Espetto Carioca - Recreio,Recreio dos Bandeirantes,(21) 3489-9001,//boadiversao.com.br/guia/rio-de-janeiro/bares/local/id/1718/espetto_carioca__recreio
Espírito das Artes,Humaitá,(21) 2579-4091,//boadiversao.com.br/guia/rio-de-janeiro/bares/local/id/140/espirito-das-artes
Espírito do Chopp,Botafogo,(21) 2266-5599,//boadiversao.com.br/guia/rio-de-janeiro/bares/local/id/1476/espirito_do_chopp
Espírito Santa Empório,Centro,(21) 2507-4840,//boadiversao.com.br/guia/rio-de-janeiro/bares/local/id/141/espirito-santa-emporio
Essencial da Lapa,Centro,2221-6345,//boadiversao.com.br/guia/rio-de-janeiro/bares/local/id/1230/essencial_da_lapa
Estação Baião de Dois,São Cristóvão,3860-3296,//boadiversao.com.br/guia/rio-de-janeiro/bares/local/id/1133/estacao_baiao_de_dois
Estação 2Cabeças,Botafogo,(21) 4108-0727,//boadiversao.com.br/guia/rio-de-janeiro/bares/local/id/4752/estacao_2cabecas
Estação do Peixe,Centro,21 2507-2777,//boadiversao.com.br/guia/rio-de-janeiro/bares/local/id/1350/estacao_do_peixe
Êtta Bar,Botafogo,(21) 2530-4156,//boadiversao.com.br/guia/rio-de-janeiro/bares/local/id/3988/etta_bar
Êtta Bar,Ipanema,(21) 3593-5109,//boadiversao.com.br/guia/rio-de-janeiro/bares/local/id/4950/etta_bar20190114162038
Explorer Bar,Santa Teresa,(21) 3264-9665,//boadiversao.com.br/guia/rio-de-janeiro/bares/local/id/4697/explorer_bar
Farroupilha ,Copacabana,2236-3632,//boadiversao.com.br/guia/rio-de-janeiro/bares/local/id/1206/farroupilha_
Favellas ,Centro,(21)	2507-0580,//boadiversao.com.br/guia/rio-de-janeiro/bares/local/id/1910/favellas_
Feira de São Cristóvão,São Cristóvão,(21) 2580-6946,//boadiversao.com.br/guia/rio-de-janeiro/bares/local/id/145/feira_de_sao_cristovao
Ferro's,Botafogo,(21) 99710-4682,//boadiversao.com.br/guia/rio-de-janeiro/bares/local/id/4832/ferros
Filé do Lira,Leblon,(21) 2294-4397,//boadiversao.com.br/guia/rio-de-janeiro/bares/local/id/1702/file_do_lira
Flashback,Ipanema,(21) 2274-7657,//boadiversao.com.br/guia/rio-de-janeiro/bares/local/id/4339/flashback
Flor da Urca,Urca,2541-7674,//boadiversao.com.br/guia/rio-de-janeiro/bares/local/id/1253/flor_da_urca
Flutuante Bar,Leblon,(21) 98266-4686,//boadiversao.com.br/guia/rio-de-janeiro/bares/local/id/4314/flutuante_bar
Fort Mohave,Botafogo,(21) 3486-2820,//boadiversao.com.br/guia/rio-de-janeiro/bares/local/id/4742/fort_mohave
Fresh & Good,Ipanema,(21) 3796-4163 ,//boadiversao.com.br/guia/rio-de-janeiro/bares/local/id/4941/fresh__good
G BarLoungeRestaurante,Leblon,(21) 2540-0606,//boadiversao.com.br/guia/rio-de-janeiro/bares/local/id/148/g-barloungerestaurante
Gabinete,Centro,2224.0822,//boadiversao.com.br/guia/rio-de-janeiro/bares/local/id/1231/gabinete
Galeria Café,Ipanema,(21) 2523-8250,//boadiversao.com.br/guia/rio-de-janeiro/bares/local/id/151/galeria-cafe
Galeria Gastro Beer,Leme,(21) 2295-1618,//boadiversao.com.br/guia/rio-de-janeiro/bares/local/id/150/galeria_gastro_beer
Galeto Sat's,Copacabana,21 2275-6197,//boadiversao.com.br/guia/rio-de-janeiro/bares/local/id/1351/galeto_sats
Galetomania - Barra,Barra da Tijuca,(21) 3328-2227,//boadiversao.com.br/guia/rio-de-janeiro/bares/local/id/1478/galetomania__barra
Galetomania - Humaitá,Botafogo,(21) 2204-0444,//boadiversao.com.br/guia/rio-de-janeiro/bares/local/id/1479/galetomania__humaita
Galetomania - Leblon,Leblon,(21) 2540-8446,//boadiversao.com.br/guia/rio-de-janeiro/bares/local/id/1477/galetomania__leblon
Galetomania - Tijuca,Tijuca,(21) 2204-0812,//boadiversao.com.br/guia/rio-de-janeiro/bares/local/id/1482/galetomania__tijuca
Gargalo Galeteria,Centro,2242-0857,//boadiversao.com.br/guia/rio-de-janeiro/bares/local/id/1233/gargalo_galeteria
Garnizé Galeto & Chopp,Barra da Tijuca,(21) 3982-5457,//boadiversao.com.br/guia/rio-de-janeiro/bares/local/id/1160/garnize_galeto__chopp
Garoa Bar Lounge,Leblon, (21) 3591-7617,//boadiversao.com.br/guia/rio-de-janeiro/bares/local/id/4648/garoa_bar_lounge
Garoa Bar Lounge,Ipanema,(21) 3264-7760,//boadiversao.com.br/guia/rio-de-janeiro/bares/local/id/4981/garoa_bar_lounge20190719160423
Garota da Tijuca,Tijuca,(21) 2569-0197,//boadiversao.com.br/guia/rio-de-janeiro/bares/local/id/1048/garota_da_tijuca
Garota da Urca ,Urca,2541-8585,//boadiversao.com.br/guia/rio-de-janeiro/bares/local/id/1254/garota_da_urca_
Garota de Ipanema,Ipanema,(21) 2523-3787,//boadiversao.com.br/guia/rio-de-janeiro/bares/local/id/1648/garota_de_ipanema
Garrafeiro  ,Ipanema,(21) 2247-6712,//boadiversao.com.br/guia/rio-de-janeiro/bares/local/id/3948/garrafeiro_
Ge Bar & Bistrô,Tijuca,(21) 3556-1313,//boadiversao.com.br/guia/rio-de-janeiro/bares/local/id/4647/ge_bar__bistro
Gente Fina Bar & Lounge,Leblon,(21) 2249-2619,//boadiversao.com.br/guia/rio-de-janeiro/bares/local/id/152/gente-fina-bar-&-lounge
Gibeer,Jardim Botânico,(21) 2279-4161,//boadiversao.com.br/guia/rio-de-janeiro/bares/local/id/803/gibeer
Ginkeria B,Barra da Tijuca,(21) 2495-0040,//boadiversao.com.br/guia/rio-de-janeiro/bares/local/id/4988/ginkeria_b
Goya-Beira,Santa Teresa,(21) 2232-5751,//boadiversao.com.br/guia/rio-de-janeiro/bares/local/id/1259/goyabeira
Gracioso,Saúde,(21) 2263-5028,//boadiversao.com.br/guia/rio-de-janeiro/bares/local/id/1258/gracioso
Grandeza Bar,Botafogo,(21) 2286-3331,//boadiversao.com.br/guia/rio-de-janeiro/bares/local/id/3887/grandeza_bar
Guacamole,Jardim Botânico,(21) 3178-3100,//boadiversao.com.br/guia/rio-de-janeiro/bares/local/id/2688/guacamole
Guetto,Barra da Tijuca,(21) 2495-7610,//boadiversao.com.br/guia/rio-de-janeiro/bares/local/id/1161/guetto
Guilhermina Bar,Botafogo,(21) 3495-4481,//boadiversao.com.br/guia/rio-de-janeiro/bares/local/id/3986/guilhermina_bar
Guimas,Gávea,(21) 2259-7996,//boadiversao.com.br/guia/rio-de-janeiro/bares/local/id/804/guimas
Gusto Cucina Bar,Leblon,(21) 2512-6526,//boadiversao.com.br/guia/rio-de-janeiro/bares/local/id/3856/gusto_cucina_bar
Hagel Esmalte Bar,Icaraí,(21) 3254.7774,//boadiversao.com.br/guia/rio-de-janeiro/bares/local/id/4051/hagel_esmalte_bar
Haus Bistrô Pub,Ipanema,(21) 97035-5619,//boadiversao.com.br/guia/rio-de-janeiro/bares/local/id/4975/haus_bistro_pub
HAZ,Gávea,(21) 3114-0780,//boadiversao.com.br/guia/rio-de-janeiro/bares/local/id/4816/haz
Heavy Duty Beer Club,Praça da Bandeira,2567-8890,//boadiversao.com.br/guia/rio-de-janeiro/bares/local/id/1097/heavy_duty_beer_club
Herr Brauer ,Flamengo,(21) 2225-4359,//boadiversao.com.br/guia/rio-de-janeiro/bares/local/id/1535/herr_brauer_
Herr Pfeffer  ,Leblon,(21) 2239-9673,//boadiversao.com.br/guia/rio-de-janeiro/bares/local/id/813/herr-pfeffer
Hipódromo ,Gávea,(21) 2274-9720,//boadiversao.com.br/guia/rio-de-janeiro/bares/local/id/1553/hipodromo_
Hocus Pocus DNA,Botafogo,(21) 3452-3377,//boadiversao.com.br/guia/rio-de-janeiro/bares/local/id/4584/hocus_pocus_dna
Homegrown,Tijuca,(21) 3189-6661,//boadiversao.com.br/guia/rio-de-janeiro/bares/local/id/4381/homegrown20150811160136
Hop Lab,Praça da Bandeira,(21) 3217-1146,//boadiversao.com.br/guia/rio-de-janeiro/bares/local/id/4549/hop_lab
Hopfen Cervejas Especiais,Tijuca,(21) 3497-9155,//boadiversao.com.br/guia/rio-de-janeiro/bares/local/id/4040/hopfen_cervejas_especiais
Horse´s Neck Bar,Copacabana,(21) 2525-1232,//boadiversao.com.br/guia/rio-de-janeiro/bares/local/id/161/horse´s-neck-bar
House of Wine,Barra da Tijuca,(21) 98611-0990,//boadiversao.com.br/guia/rio-de-janeiro/bares/local/id/4890/house_of_wine
HØC,Copacabana,,//boadiversao.com.br/guia/rio-de-janeiro/bares/local/id/4779/hc
Ibier,Barra da Tijuca,(21) 3419-5597,//boadiversao.com.br/guia/rio-de-janeiro/bares/local/id/1162/ibier
Il Piccolo Caffè,Centro,(21) 2224-8022,//boadiversao.com.br/guia/rio-de-janeiro/bares/local/id/1257/il_piccolo_caff
Informal Cozinha de Bar,Leblon,(21) 2529-2614,//boadiversao.com.br/guia/rio-de-janeiro/bares/local/id/43/informal_cozinha_de_bar
Informalzinho,Copacabana,(21) 2247-7591,//boadiversao.com.br/guia/rio-de-janeiro/bares/local/id/45/informalzinho
Inverso Gávea,Gávea,(21) 3687-9488,//boadiversao.com.br/guia/rio-de-janeiro/bares/local/id/4640/inverso_gavea
Invicto Sports & Fun Restaurant,Botafogo,(21) 2537-9267,//boadiversao.com.br/guia/rio-de-janeiro/bares/local/id/1481/invicto_sports__fun_restaurant
Itahy Premium Beer - Ipanema I,Ipanema,(21) 2522-2919,//boadiversao.com.br/guia/rio-de-janeiro/bares/local/id/1641/itahy_premium_beer__ipanema_i
Izii Bar,Barra da Tijuca,(21) 3586-2265,//boadiversao.com.br/guia/rio-de-janeiro/bares/local/id/1163/izii_bar
Jarbô Café e Brasserie,Jardim Botânico,(21) 2259-2924,//boadiversao.com.br/guia/rio-de-janeiro/bares/local/id/4837/jarbo_cafe_e_brasserie
Jazz in' Champanheria,Saúde,(21) 7891-0771,//boadiversao.com.br/guia/rio-de-janeiro/bares/local/id/4080/jazz_in_champanheria
Jeffrey,Leblon,(21) 2274 0000  ,//boadiversao.com.br/guia/rio-de-janeiro/bares/local/id/4185/jeffrey
Jeitinho Carioca,Engenho Novo,21 8182-7737,//boadiversao.com.br/guia/rio-de-janeiro/bares/local/id/1352/jeitinho_carioca
Joana Pizza Bar,Ipanema,,//boadiversao.com.br/guia/rio-de-janeiro/bares/local/id/4825/joana_pizza_bar
Joaquina - Cobal do Humaitá,Botafogo,(21) 2535-2774,//boadiversao.com.br/guia/rio-de-janeiro/bares/local/id/783/bar-e-restaurante-joaquina---cobal-do-humaita
Joaquina - Leme,Leme,(21) 2275-8569,//boadiversao.com.br/guia/rio-de-janeiro/bares/local/id/784/joaquina__leme
Jobi,Leblon,(21) 2274-0547,//boadiversao.com.br/guia/rio-de-janeiro/bares/local/id/815/jobi
Jóia ,Jardim Botânico,(21) 2539-5613,//boadiversao.com.br/guia/rio-de-janeiro/bares/local/id/1662/joia_
Jota Ó,Barra da Tijuca,(21) 2135-3331,//boadiversao.com.br/guia/rio-de-janeiro/bares/local/id/1164/jota_o
Jungle,Botafogo,(21) 2537-2191,//boadiversao.com.br/guia/rio-de-janeiro/bares/local/id/4248/jungle
Kamaleón,Flamengo,(21) 3557-5040,//boadiversao.com.br/guia/rio-de-janeiro/bares/local/id/4796/kamaleon
Kareka's,Cacuia,21 3367-3300,//boadiversao.com.br/guia/rio-de-janeiro/bares/local/id/1353/karekas
Kō Bā Izakaya,Ipanema,(21) 3502-4637,//boadiversao.com.br/guia/rio-de-janeiro/bares/local/id/4894/k_b_izakaya
La Carioca Cevicheria,Jardim Botânico,(21) 2226-8821,//boadiversao.com.br/guia/rio-de-janeiro/bares/local/id/2661/la_carioca_cevicheria
La Carioca Cevicheria - Ipanema,Ipanema,(21) 2522-8184,//boadiversao.com.br/guia/rio-de-janeiro/bares/local/id/4064/la_carioca_cevicheria__ipanema
La Esquina,Centro,,//boadiversao.com.br/guia/rio-de-janeiro/bares/local/id/1068/la_esquina
La Fabrique  ,Leme,(21) 2541-2416,//boadiversao.com.br/guia/rio-de-janeiro/bares/local/id/1709/la_fabrique_
La fiorentina,Leme,(21) 2543-8395,//boadiversao.com.br/guia/rio-de-janeiro/bares/local/id/1712/la_fiorentina
Lanches 188,Botafogo,2538-1739,//boadiversao.com.br/guia/rio-de-janeiro/bares/local/id/1260/lanches_188
Lapa 40º Sinuca & Gafieira,Centro,(21) 3970-1338,//boadiversao.com.br/guia/rio-de-janeiro/bares/local/id/177/lapa_40_sinuca__gafieira
Lapa Irish Pub,Centro,(21) 2221-7236,//boadiversao.com.br/guia/rio-de-janeiro/bares/local/id/179/lapa_irish_pub
Le Brants,Flamengo,(21) 2558-2570,//boadiversao.com.br/guia/rio-de-janeiro/bares/local/id/3771/le_brants
Legião Carioca Burger & Beer,Botafogo,(21) 2542-9959,//boadiversao.com.br/guia/rio-de-janeiro/bares/local/id/4620/legiao_carioca_burger__beer
Leme Light,Leme,(21) 2275-5498,//boadiversao.com.br/guia/rio-de-janeiro/bares/local/id/1715/leme_light
Let'Sushi Izakaya,Leblon,,//boadiversao.com.br/guia/rio-de-janeiro/bares/local/id/4784/letsushi_izakaya
Leviano Bar,Centro,(21) 2507-5967,//boadiversao.com.br/guia/rio-de-janeiro/bares/local/id/181/leviano_bar
Liga,Botafogo,,//boadiversao.com.br/guia/rio-de-janeiro/bares/local/id/4789/liga
Lobby Bar,Copacabana,2106-1500,//boadiversao.com.br/guia/rio-de-janeiro/bares/local/id/1202/lobby_bar
Lord Jim Pub,Ipanema,(21) 2249-4881,//boadiversao.com.br/guia/rio-de-janeiro/bares/local/id/1645/lord_jim_pub
Luigi's,Laranjeiras,(21) 2205-5331,//boadiversao.com.br/guia/rio-de-janeiro/bares/local/id/1735/luigis
Luizinho Drinks,Laranjeiras,,//boadiversao.com.br/guia/rio-de-janeiro/bares/local/id/1694/luizinho_drinks
Lume,São Francisco,(21) 98472-7377,//boadiversao.com.br/guia/rio-de-janeiro/bares/local/id/4403/lume
Lupulino,Botafogo,(21) 2535-0988,//boadiversao.com.br/guia/rio-de-janeiro/bares/local/id/4254/lupulino
Madre Cerveja de Capotá,Botafogo,(21) 2179-9666,//boadiversao.com.br/guia/rio-de-janeiro/bares/local/id/4714/madre_cerveja_de_capota
Mãe Joana,Botafogo,(21) 3174-0862,//boadiversao.com.br/guia/rio-de-janeiro/bares/local/id/4885/mae_joana
Maguje,Jardim Botânico,(21) 3239-7939,//boadiversao.com.br/guia/rio-de-janeiro/bares/local/id/4907/maguje
Maio Bar,Catete,21 9531-4449,//boadiversao.com.br/guia/rio-de-janeiro/bares/local/id/1354/maio_bar
Mais Que Nada,Copacabana,(21) 2267-0599,//boadiversao.com.br/guia/rio-de-janeiro/bares/local/id/4097/mais_que_nada20131016133228
Mama Shelter Rio de Janeiro,Santa Teresa,(21) 3980-0300,//boadiversao.com.br/guia/rio-de-janeiro/bares/local/id/4668/mama_shelter_rio_de_janeiro
Mangue Seco,Centro,(21) 3147-9013,//boadiversao.com.br/guia/rio-de-janeiro/bares/local/id/189/mangue-seco
Manoel e Juaquim - Ipanema,Ipanema,(21) 2522-1863,//boadiversao.com.br/guia/rio-de-janeiro/bares/local/id/1485/manoel_e_juaquim__ipanema
Manoel e Juaquim - Largo do Machado  ,Catete,(21) 2556-7385,//boadiversao.com.br/guia/rio-de-janeiro/bares/local/id/1487/manoel_e_juaquim__
Manuel e Joaquim - Copacabana,Copacabana,(21) 2549-3550,//boadiversao.com.br/guia/rio-de-janeiro/bares/local/id/1488/manuel_e_joaquim__copacabana
Marín,Botafogo,(21) 2266-1561,//boadiversao.com.br/guia/rio-de-janeiro/bares/local/id/3787/marin
Marquês da Gávea,Gávea,(21) 3114-0780,//boadiversao.com.br/guia/rio-de-janeiro/bares/local/id/1040/marques_da_gavea
Mas será o Benedito?,Centro,(21) 2232-9000,//boadiversao.com.br/guia/rio-de-janeiro/bares/local/id/195/mas-sera-o-benedito?
Meiai Hostel,Botafogo,(21) 3495-4481,//boadiversao.com.br/guia/rio-de-janeiro/bares/local/id/3985/meiai_hostel
Mekong,Leblon,2529-2124,//boadiversao.com.br/guia/rio-de-janeiro/bares/local/id/1250/mekong
Memphis Belle Café,Botafogo,(21)2286-7947,//boadiversao.com.br/guia/rio-de-janeiro/bares/local/id/1491/memphis_belle_cafe
Mercado 32,Centro,(21) 2221-2327,//boadiversao.com.br/guia/rio-de-janeiro/bares/local/id/198/mercado_32
Mercearia Arouca,Cosme Velho,21 2225-0716,//boadiversao.com.br/guia/rio-de-janeiro/bares/local/id/1355/mercearia_arouca
Meza Bar,Humaitá,(21) 3239-1951,//boadiversao.com.br/guia/rio-de-janeiro/bares/local/id/817/meza-bar
Micro Bar,Leblon,(21) 99435-0307,//boadiversao.com.br/guia/rio-de-janeiro/bares/local/id/4958/micro_bar
Mike's Haus Imbiss,Santa Teresa,(21) 2507-4864,//boadiversao.com.br/guia/rio-de-janeiro/bares/local/id/1256/mikes_haus_imbiss
Mirante do Arvrão,Vidigal,(21) 3114-1868,//boadiversao.com.br/guia/rio-de-janeiro/bares/local/id/4283/mirante_do_arvrao
Mississippi Delta Blues Bar,Gamboa,(21) 2510-6061,//boadiversao.com.br/guia/rio-de-janeiro/bares/local/id/4753/mississippi_delta_blues_bar
Mixxing,Botafogo,,//boadiversao.com.br/guia/rio-de-janeiro/bares/local/id/4475/mixxing
Moais Snooker Bar,Tijuca,(21) 2278-4401,//boadiversao.com.br/guia/rio-de-janeiro/bares/local/id/1055/moais_snooker_bar
Mofo,Centro,(21) 2221-9851,//boadiversao.com.br/guia/rio-de-janeiro/bares/local/id/200/mofo
Motim Hideout,Copacabana,,//boadiversao.com.br/guia/rio-de-janeiro/bares/local/id/4944/motim_hideout
Mouton Rouge,Bonsucesso,21 3109-3314,//boadiversao.com.br/guia/rio-de-janeiro/bares/local/id/1356/mouton_rouge
Moviola,Laranjeiras,2285-8339,//boadiversao.com.br/guia/rio-de-janeiro/bares/local/id/1175/moviola-2
Moviola,Laranjeiras,(21) 2285-8339,//boadiversao.com.br/guia/rio-de-janeiro/bares/local/id/1696/moviola
Mr. Beer - Plaza Shopping Niterói,Centro,,//boadiversao.com.br/guia/rio-de-janeiro/bares/local/id/1777/mr_beer__plaza_shopping_niteroi
Mr. Beer - Rio Design Barra,Abolição,,//boadiversao.com.br/guia/rio-de-janeiro/bares/local/id/1778/mr_beer__rio_design_barra
Mr. Beer - Shopping da Gávea,Gávea,,//boadiversao.com.br/guia/rio-de-janeiro/bares/local/id/1779/mr_beer__shopping_da_gavea
Mr. Beer - Shopping Tijuca,Tijuca,,//boadiversao.com.br/guia/rio-de-janeiro/bares/local/id/1781/mr_beer__shopping_tijuca
Mr. Beer Cervejas Especiais -  Botafogo Praia Shopping,Botafogo,,//boadiversao.com.br/guia/rio-de-janeiro/bares/local/id/1755/mr_beer_cervejas_especiais__botafogo_praia_shopping
Mud Bug,Copacabana,(21) 2543-5052,//boadiversao.com.br/guia/rio-de-janeiro/bares/local/id/1512/mud_bug20120921165223
Mud Bug,Copacabana,(21) 2235-6847,//boadiversao.com.br/guia/rio-de-janeiro/bares/local/id/1513/mud_bug
Mundeco Bar,Leme,(21) 2558-2149,//boadiversao.com.br/guia/rio-de-janeiro/bares/local/id/975/mundeco_bar
Mureta Bar,Botafogo,(21) 3439-9842,//boadiversao.com.br/guia/rio-de-janeiro/bares/local/id/4517/mureta_bar
Na Pressão - Freguesia,Freguesia (Jacarepaguá),(21) 3593-4417 ,//boadiversao.com.br/guia/rio-de-janeiro/bares/local/id/4205/na_pressao__freguesia
Na Pressão- Lapa,Centro,(21) 2507-0580,//boadiversao.com.br/guia/rio-de-janeiro/bares/local/id/201/na-pressao--lapa
Na Pressão- Nova América,Del Castilho,(21) 3083-1853,//boadiversao.com.br/guia/rio-de-janeiro/bares/local/id/203/na-pressao--nova-america
Na Pressão- Parque das Rosas,Barra da Tijuca,(21) 3325-5975,//boadiversao.com.br/guia/rio-de-janeiro/bares/local/id/205/na-pressao--parque-das-rosas
Na Pressão- Shopping Downtown,Barra da Tijuca,(21) 2493-2060,//boadiversao.com.br/guia/rio-de-janeiro/bares/local/id/204/na-pressao--shopping-downtown
Na Pressão-Norte Shopping,Cachambi,(21) 2289-1203,//boadiversao.com.br/guia/rio-de-janeiro/bares/local/id/202/na-pressao-norte-shopping
Narreal Brewhouse,Botafogo,,//boadiversao.com.br/guia/rio-de-janeiro/bares/local/id/4956/narreal_brewhouse
Nega Rosa,Centro,(21) 2221-4230,//boadiversao.com.br/guia/rio-de-janeiro/bares/local/id/1255/nega_rosa
Nocaute Fight Bar,Botafogo,(21) 3085-3265,//boadiversao.com.br/guia/rio-de-janeiro/bares/local/id/4536/nocaute_fight_bar
Noi São Francisco,São Francisco,(21) 2611-0619,//boadiversao.com.br/guia/rio-de-janeiro/bares/local/id/4556/noi_sao_francisco
Noo,Praça da Bandeira,,//boadiversao.com.br/guia/rio-de-janeiro/bares/local/id/4363/noo
Nordestino Carioca,Jacarepaguá,(21) 3412-3353,//boadiversao.com.br/guia/rio-de-janeiro/bares/local/id/818/nordestino_carioca
Nova Capela,Centro,(21) 2252-6228,//boadiversao.com.br/guia/rio-de-janeiro/bares/local/id/819/nova_capela
Nova Capelinha,Piratininga,(21) 9607-0871 ,//boadiversao.com.br/guia/rio-de-janeiro/bares/local/id/1761/nova_capelinha
O Árabe da Gávea,Gávea,(21) 2294-2439,//boadiversao.com.br/guia/rio-de-janeiro/bares/local/id/2088/o_arabe_da_gavea
O Buteco Tradicional,Recreio dos Bandeirantes,(21) 2487-8710,//boadiversao.com.br/guia/rio-de-janeiro/bares/local/id/1149/o_buteco_tradicional
O Original do Brás,Brás de Pina,(21) 3866-1313,//boadiversao.com.br/guia/rio-de-janeiro/bares/local/id/1402/o_original_do_bras
O Plebeu,Botafogo,2286-0699,//boadiversao.com.br/guia/rio-de-janeiro/bares/local/id/1125/o_plebeu
Odorico Bar - Botafogo,Botafogo,(21) 2266-3773,//boadiversao.com.br/guia/rio-de-janeiro/bares/local/id/1499/odorico_bar__botafogo
Odorico Bar - Tijuca,Tijuca,3172-6734,//boadiversao.com.br/guia/rio-de-janeiro/bares/local/id/1094/odorico_bar__tijuca
Ogrostronomia Bar,Méier,(21) 3586-7622,//boadiversao.com.br/guia/rio-de-janeiro/bares/local/id/4178/ogrostronomia_bar
Olimpíadas do Chopp,Tijuca,2254-1090,//boadiversao.com.br/guia/rio-de-janeiro/bares/local/id/1089/olimpiadas_do_chopp_1089_1090
One-Twenty-One Lounge Bar,Leblon, (21) 2529 1130,//boadiversao.com.br/guia/rio-de-janeiro/bares/local/id/1252/onetwentyone_lounge_bar
Opção na Brasa,Tijuca,2288-9864,//boadiversao.com.br/guia/rio-de-janeiro/bares/local/id/1095/opcao_na_brasa_1095_1096
Opus,Centro,(21) 2252-0604,//boadiversao.com.br/guia/rio-de-janeiro/bares/local/id/1766/opus
Osbar,Centro,21 2220-7391,//boadiversao.com.br/guia/rio-de-janeiro/bares/local/id/1357/osbar
Oscar Bistrô Bar,Leblon,(21) 3269-1888,//boadiversao.com.br/guia/rio-de-janeiro/bares/local/id/4522/oscar_bistro_bar
Pabu Izakaya,Leblon,(21) 3738-0416,//boadiversao.com.br/guia/rio-de-janeiro/bares/local/id/4683/pabu_izakaya
Padano Sertanejo & Bar,Barra da Tijuca,(21) 96947-0018,//boadiversao.com.br/guia/rio-de-janeiro/bares/local/id/4166/padano_sertanejo__bar
Paiol 08,Centro,,//boadiversao.com.br/guia/rio-de-janeiro/bares/local/id/214/paiol_08
Palaphita Gávea,Gávea,(21) 3114-0853,//boadiversao.com.br/guia/rio-de-janeiro/bares/local/id/4006/palaphita_gavea
Palaphita Kitch ,Lagoa,(21) 2227-0837,//boadiversao.com.br/guia/rio-de-janeiro/bares/local/id/820/palaphita-kitch
Palhinha,Humaitá,(21) 2539-5709,//boadiversao.com.br/guia/rio-de-janeiro/bares/local/id/1264/palhinha
Papo de Bar,Barra da Tijuca,(21) 3982-2060,//boadiversao.com.br/guia/rio-de-janeiro/bares/local/id/1165/papo_de_bar
Papo Inicial,Tijuca,(21) 2238-2645,//boadiversao.com.br/guia/rio-de-janeiro/bares/local/id/3806/papo_inicial
Parador Bistrô,Centro,,//boadiversao.com.br/guia/rio-de-janeiro/bares/local/id/4404/parador_bistro20151019163748
Paris Bar,Flamengo,(21) 2551-1278,//boadiversao.com.br/guia/rio-de-janeiro/bares/local/id/4013/paris_bar
Pato com Laranja,Ipanema,(21) 2540-8380,//boadiversao.com.br/guia/rio-de-janeiro/bares/local/id/4877/pato_com_laranja
Pavão Azul,Copacabana,(21) 2236-2381,//boadiversao.com.br/guia/rio-de-janeiro/bares/local/id/794/pavao-azul
Pe'Ahi Temakeria - Barra da Tijuca,Barra da Tijuca,(21) 2493-5437,//boadiversao.com.br/guia/rio-de-janeiro/bares/local/id/1039/peahi_temakeria_-_barra_da_tijuca
Pe'Ahi Temakeria - Gávea,Gávea,(21) 2512-2668,//boadiversao.com.br/guia/rio-de-janeiro/bares/local/id/1038/peahi_temakeria_-_gavea
Petisco da Vila - Nova América,Del Castilho,2583-1500,//boadiversao.com.br/guia/rio-de-janeiro/bares/local/id/1138/petisco_da_vila__nova_america
Petisco da Vila - Vila Isabel,Vila Isabel,2576-6321,//boadiversao.com.br/guia/rio-de-janeiro/bares/local/id/1137/petisco_da_vila__vila_isabel
Petisqueira Martinho,Ribeira,3298-5518,//boadiversao.com.br/guia/rio-de-janeiro/bares/local/id/1139/petisqueira_martinho
Petit Paulette,Tijuca,2502-2649,//boadiversao.com.br/guia/rio-de-janeiro/bares/local/id/1090/petit_paulette_1090_1091_1091
Pianense,Botafogo,25380364,//boadiversao.com.br/guia/rio-de-janeiro/bares/local/id/1265/pianense
Pizzaria e Lanchonete Opção Farani,Botafogo,(21) 2552-0489,//boadiversao.com.br/guia/rio-de-janeiro/bares/local/id/1034/pizzaria_e_lanchonete_opcao_farani
Pizzaria Guanabara - Leblon,Leblon,,//boadiversao.com.br/guia/rio-de-janeiro/bares/local/id/1240/pizzaria_guanabara__leblon
Pizzaria Rainbow,Copacabana,(21) 7832-0126,//boadiversao.com.br/guia/rio-de-janeiro/bares/local/id/1514/pizzaria_rainbow
Planalto do Flamengo,Flamengo,2557-7222,//boadiversao.com.br/guia/rio-de-janeiro/bares/local/id/1135/planalto_do_flamengo
Planeta do Chopp - Recreio,Recreio dos Bandeirantes,2437-6409,//boadiversao.com.br/guia/rio-de-janeiro/bares/local/id/1141/planeta_do_chopp__recreio
Planeta do Chopp - Vila Isabel,Vila Isabel,2264-8146,//boadiversao.com.br/guia/rio-de-janeiro/bares/local/id/1140/planeta_do_chopp__vila_isabel
PlayGrowler,Ipanema,(21) 3449-8015,//boadiversao.com.br/guia/rio-de-janeiro/bares/local/id/4670/playgrowler
Point,Barra da Tijuca,(21) 3586-2265,//boadiversao.com.br/guia/rio-de-janeiro/bares/local/id/1722/bar_da_bud
Point da Passagem,Botafogo,(21) 2275-7630 ,//boadiversao.com.br/guia/rio-de-janeiro/bares/local/id/1494/point_da_passagem
Pontapé Beach I,Ribeira,3495-2285 ,//boadiversao.com.br/guia/rio-de-janeiro/bares/local/id/1142/pontape_beach_i
Pontapé Beach II,Ribeira,3798-7628,//boadiversao.com.br/guia/rio-de-janeiro/bares/local/id/1143/pontape_beach_ii
Pontinho,Copacabana,2257-1676,//boadiversao.com.br/guia/rio-de-janeiro/bares/local/id/1200/pontinho
Ponto.,Ipanema,(21) 3563-8052,//boadiversao.com.br/guia/rio-de-janeiro/bares/local/id/4737/ponto
Porto di Vino - Gávea,Gávea,(21) 2137-4154,//boadiversao.com.br/guia/rio-de-janeiro/bares/local/id/4118/porto_di_vino__gavea
Pow Boteco Espumante,Centro,(21) 2252-5348,//boadiversao.com.br/guia/rio-de-janeiro/bares/local/id/4636/pow_boteco_espumante
Praça Varnhagen,Tijuca,,//boadiversao.com.br/guia/rio-de-janeiro/bares/local/id/1310/praca_varnhagen
Prado.co,Gávea,(21) 2512-2247,//boadiversao.com.br/guia/rio-de-janeiro/bares/local/id/2218/pradoco
Pro Pizza,Barra da Tijuca,(21) 3433-7533,//boadiversao.com.br/guia/rio-de-janeiro/bares/local/id/4143/pro_pizza
Puebla Café,Botafogo,2286-5623,//boadiversao.com.br/guia/rio-de-janeiro/bares/local/id/1129/puebla_cafe-2
Puebla Café,Botafogo,(21) 2286-5623,//boadiversao.com.br/guia/rio-de-janeiro/bares/local/id/1497/puebla_cafe
Pulê Restaurante e Bar,Ipanema,(21) 2523-2466,//boadiversao.com.br/guia/rio-de-janeiro/bares/local/id/4903/pule_restaurante_e_bar
Puxadinho Pub,Botafogo,(21) 97471-5163,//boadiversao.com.br/guia/rio-de-janeiro/bares/local/id/4932/puxadinho_pub20181126104023
Q Gastrobar,Leblon,(21) 2113-0564,//boadiversao.com.br/guia/rio-de-janeiro/bares/local/id/1703/q_gastrobar
Quartinho Bar,Botafogo,,//boadiversao.com.br/guia/rio-de-janeiro/bares/local/id/4947/quartinho_bar
Quebra-Mar,Barra da Tijuca,,//boadiversao.com.br/guia/rio-de-janeiro/bares/local/id/2014/quebramar
Quintal Carioca,Centro,(21) 2507-8044,//boadiversao.com.br/guia/rio-de-janeiro/bares/local/id/1243/quintal_carioca
Quiosque Arab,Lagoa,(21) 2540-0747,//boadiversao.com.br/guia/rio-de-janeiro/bares/local/id/1684/quiosque_arab
Quiosque do Português,Leblon,(21) 8308-1373,//boadiversao.com.br/guia/rio-de-janeiro/bares/local/id/1705/quiosque_do_portugues-2
Quiosque do Português,Lagoa,(21) 8308-1373,//boadiversao.com.br/guia/rio-de-janeiro/bares/local/id/3780/quiosque_do_portugues
Quiosque do Português,Jardim Botânico,(21) 8308-1373,//boadiversao.com.br/guia/rio-de-janeiro/bares/local/id/4065/quiosque_do_portugues20130906165750
Quiosque Oxumaré,Barra da Tijuca,(21) 2483-8530,//boadiversao.com.br/guia/rio-de-janeiro/bares/local/id/1166/quiosque_oxumare
Quiosque Quase 9,Ipanema,8229-9995,//boadiversao.com.br/guia/rio-de-janeiro/bares/local/id/3867/quiosque_quase_9
Quiosque Só Tapioca,Ipanema,,//boadiversao.com.br/guia/rio-de-janeiro/bares/local/id/4937/quiosque_so_tapioca
Rapadura,Leblon,(21) 2259-4561 ,//boadiversao.com.br/guia/rio-de-janeiro/bares/local/id/4074/rapadura
Raro Skybar,Copacabana,(21) 98128-1475,//boadiversao.com.br/guia/rio-de-janeiro/bares/local/id/4778/raro_skybar
Rayz,Ipanema,(21) 2522-0627,//boadiversao.com.br/guia/rio-de-janeiro/bares/local/id/110/rayz
Raze Burger,Centro,(21) 3178-3277,//boadiversao.com.br/guia/rio-de-janeiro/bares/local/id/4891/raze_burger
Real chopp,Copacabana,2547-6673,//boadiversao.com.br/guia/rio-de-janeiro/bares/local/id/1215/real_chopp
Reduto,Botafogo,(21) 3797-0100,//boadiversao.com.br/guia/rio-de-janeiro/bares/local/id/4889/reduto
Rei do Bacalhau,Encantado,(21) 2289-7246,//boadiversao.com.br/guia/rio-de-janeiro/bares/local/id/2625/rei_do_bacalhau
Resenha Bar & Grill,Barra da Tijuca,(21) 3088-7774,//boadiversao.com.br/guia/rio-de-janeiro/bares/local/id/4371/resenha_bar__grill
Resenha Bar & Grill,Vila Valqueire,(21) 3796-6003,//boadiversao.com.br/guia/rio-de-janeiro/bares/local/id/4721/resenha_bar__grill20170602133739
Resenha Bar & Grill,Freguesia (Jacarepaguá),(21) 3986-6323,//boadiversao.com.br/guia/rio-de-janeiro/bares/local/id/4722/resenha_bar__grill20170602134305
Resenha Bar & Grill,Vila da Penha,(21) 2481-4419,//boadiversao.com.br/guia/rio-de-janeiro/bares/local/id/4723/resenha_bar__grill20170602135419
Resenha Bar & Grill,Bangu,(21) 2401-1092,//boadiversao.com.br/guia/rio-de-janeiro/bares/local/id/4724/resenha_bar__grill20170602140413
Reserva Restobar,Recreio dos Bandeirantes,(21) 3514-2829,//boadiversao.com.br/guia/rio-de-janeiro/bares/local/id/4899/reserva_restobar
Restaurante Barracuda,Flamengo, (21) 2205-3346,//boadiversao.com.br/guia/rio-de-janeiro/bares/local/id/1856/restaurante_barracuda
Restô Ipanema,Ipanema,(21) 2287-0052,//boadiversao.com.br/guia/rio-de-janeiro/bares/local/id/2415/resto_ipanema
Restobar Villa 25,Laranjeiras,(21) 3596-2069,//boadiversao.com.br/guia/rio-de-janeiro/bares/local/id/4684/restobar_villa_25
Reza Forte,Méier,(21) 3271-4762,//boadiversao.com.br/guia/rio-de-janeiro/bares/local/id/3788/reza_forte
Riba Botecagem,Leblon,,//boadiversao.com.br/guia/rio-de-janeiro/bares/local/id/4502/riba_botecagem
Riba Botecagem,Ipanema,,//boadiversao.com.br/guia/rio-de-janeiro/bares/local/id/4503/riba_botecagem20160603171015
Rico Point,Barra da Tijuca,(21) 2438-1821,//boadiversao.com.br/guia/rio-de-janeiro/bares/local/id/4858/rico_point
Rico Point,Recreio dos Bandeirantes,(21) 3597-7240,//boadiversao.com.br/guia/rio-de-janeiro/bares/local/id/4859/rico_point20180507104846
Rio 40º,Tijuca,2568-0799,//boadiversao.com.br/guia/rio-de-janeiro/bares/local/id/1109/rio_40
Rio Park,Saúde,21 2263-2581,//boadiversao.com.br/guia/rio-de-janeiro/bares/local/id/1359/rio_park
Rio-Brasília,Tijuca,3598-3170,//boadiversao.com.br/guia/rio-de-janeiro/bares/local/id/1091/riobrasilia_1091_1092
Risoto,Botafogo,,//boadiversao.com.br/guia/rio-de-janeiro/bares/local/id/3818/risoto
Rita de Cássia Gastronomia,Tijuca,(21) 2264-1517,//boadiversao.com.br/guia/rio-de-janeiro/bares/local/id/4213/rita_de_cassia_gastronomia
Rivalzinho,Centro,(21) 2240-4469,//boadiversao.com.br/guia/rio-de-janeiro/bares/local/id/4454/rivalzinho
Rock Experience,Centro,(21) 2222-2334,//boadiversao.com.br/guia/rio-de-janeiro/bares/local/id/231/rock_experience
Rosa Chopp,Barra da Tijuca,(21) 3325-8336,//boadiversao.com.br/guia/rio-de-janeiro/bares/local/id/1071/rosa_chopp
Rosa de Ouro,Botafogo,2527-0565,//boadiversao.com.br/guia/rio-de-janeiro/bares/local/id/1122/rosa_de_ouro
Rota 66,Humaitá,(21) 2286-8487,//boadiversao.com.br/guia/rio-de-janeiro/bares/local/id/1050/rota_66__cobal_do_humaita
Rota 66,Ipanema,(21) 2247-5931,//boadiversao.com.br/guia/rio-de-janeiro/bares/local/id/1052/rota_66__ipanema
Rota 66,Tijuca,(21) 2254-4219,//boadiversao.com.br/guia/rio-de-janeiro/bares/local/id/1053/rota_66__tijuca
Ruanita,Copacabana,,//boadiversao.com.br/guia/rio-de-janeiro/bares/local/id/4855/ruanita
Sá & Sousa,Centro,(21) 2220-0386,//boadiversao.com.br/guia/rio-de-janeiro/bares/local/id/4218/sa__sousa
Sabor da Morena,Botafogo,2541-4756,//boadiversao.com.br/guia/rio-de-janeiro/bares/local/id/1127/sabor_da_morena
Saideira UP,Icaraí,(21) 2714-2042,//boadiversao.com.br/guia/rio-de-janeiro/bares/local/id/1758/saideira_up
Salete,Tijuca,2264-5163,//boadiversao.com.br/guia/rio-de-janeiro/bares/local/id/1092/salete_1092_1093_1093_1096_1096
Saloon 79,Botafogo,3239-0735,//boadiversao.com.br/guia/rio-de-janeiro/bares/local/id/1131/saloon_79
Salutem Cervejas,Leme,(21) 3586-7531,//boadiversao.com.br/guia/rio-de-janeiro/bares/local/id/4606/salutem_cervejas
Samba Roque Café,Jacarepaguá,(21) 7842-9596,//boadiversao.com.br/guia/rio-de-janeiro/bares/local/id/4082/samba_roque_cafe
Sambiroska,Andaraí,(21) 99427-6820,//boadiversao.com.br/guia/rio-de-janeiro/bares/local/id/4510/sambiroska
Sanhaço,Recreio dos Bandeirantes,(21) 3983-6628,//boadiversao.com.br/guia/rio-de-janeiro/bares/local/id/4689/sanhaco
Santa Saideira,Santa Teresa,(21) 3233-0122,//boadiversao.com.br/guia/rio-de-janeiro/bares/local/id/1242/santa_saideira
Santo Scenarium,Centro,(21) 3147-9007,//boadiversao.com.br/guia/rio-de-janeiro/bares/local/id/234/santo-scenarium
São Vicente,Lagoa,(21) 2512-9419,//boadiversao.com.br/guia/rio-de-janeiro/bares/local/id/821/sao-vicente
Sarau Rio,Centro,(21) 2508-7154,//boadiversao.com.br/guia/rio-de-janeiro/bares/local/id/4150/sarau_rio
Sarreufa Club,Botafogo,(21) -456-7890,//boadiversao.com.br/guia/rio-de-janeiro/bares/local/id/4514/sarreufa_club
Sassá,Leblon,(21) 3079-9581,//boadiversao.com.br/guia/rio-de-janeiro/bares/local/id/4705/sassa
Savana Rio,Catete,,//boadiversao.com.br/guia/rio-de-janeiro/bares/local/id/4631/savana_rio
Sem Vergonha Botequim,Copacabana,(21) 2232-2500,//boadiversao.com.br/guia/rio-de-janeiro/bares/local/id/3996/sem_vergonha_botequim
Semente,Centro,(21) 2507-5188,//boadiversao.com.br/guia/rio-de-janeiro/bares/local/id/1238/semente
Serrado Vinhos e Bistrô,Laranjeiras,(21) 2205-5000,//boadiversao.com.br/guia/rio-de-janeiro/bares/local/id/4833/serrado_vinhos_e_bistro
SeteHum GastroBar,Botafogo,(21) 3439-5005,//boadiversao.com.br/guia/rio-de-janeiro/bares/local/id/4739/setehum_gastrobar
Seu Bar,Barra da Tijuca,(21) 3495-7761,//boadiversao.com.br/guia/rio-de-janeiro/bares/local/id/1261/seu_bar
Seu Vidal,Copacabana,,//boadiversao.com.br/guia/rio-de-janeiro/bares/local/id/4535/seu_vidal
Seu Vidal,Botafogo,(21) 97152-1691,//boadiversao.com.br/guia/rio-de-janeiro/bares/local/id/4843/seu_vidal20180411112559
Seu Vidal na Praia,Barra da Tijuca,(21) 9.9575-4546,//boadiversao.com.br/guia/rio-de-janeiro/bares/local/id/4880/seu_vidal_na_praia
Shake Rio,Centro,(21) 25244971,//boadiversao.com.br/guia/rio-de-janeiro/bares/local/id/4736/shake_rio
Shake Speakeasy,Centro,(21) 2524-4971,//boadiversao.com.br/guia/rio-de-janeiro/bares/local/id/4904/shake_speakeasy
Sheesh!,Botafogo,(021) 4116-1207,//boadiversao.com.br/guia/rio-de-janeiro/bares/local/id/4930/sheesh
Shelter Bar,Botafogo,(21) 2551-0997,//boadiversao.com.br/guia/rio-de-janeiro/bares/local/id/1498/shelter_bar
Shenanigan's,Ipanema,(21) 2540-0870,//boadiversao.com.br/guia/rio-de-janeiro/bares/local/id/237/shenanigans
Shooters Cocktails Bar,Botafogo,3281-7629,//boadiversao.com.br/guia/rio-de-janeiro/bares/local/id/1268/shooters_cocktails__food
Si Señor - Barra,Barra da Tijuca,(21) 3258-3094,//boadiversao.com.br/guia/rio-de-janeiro/bares/local/id/4092/si_seor__barra
Si Señor - Ipanema,Ipanema,(21) 3435-6364,//boadiversao.com.br/guia/rio-de-janeiro/bares/local/id/4091/si_seor__ipanema
Si Señor - Leblon,Leblon,(21) 2249-2161,//boadiversao.com.br/guia/rio-de-janeiro/bares/local/id/1285/si_seor__leblon
Simplesmente,Santa Teresa,(21) 2507-1365,//boadiversao.com.br/guia/rio-de-janeiro/bares/local/id/1236/simplesmente
Sindicato do Chopp - Ipanema  ,Ipanema,(21) 2247-1745,//boadiversao.com.br/guia/rio-de-janeiro/bares/local/id/1714/sindicato_do_chopp__ipanema_
Sinuca da Lapa,Centro,(21) 2242-4501,//boadiversao.com.br/guia/rio-de-janeiro/bares/local/id/3782/sinuca_da_lapa
Siri - Tijuca,Tijuca,2208-6165,//boadiversao.com.br/guia/rio-de-janeiro/bares/local/id/1096/siri__tijuca
Skipper Pizza Bar,Barra da Tijuca,(21) 3199-2077,//boadiversao.com.br/guia/rio-de-janeiro/bares/local/id/4658/skipper_pizza_bar
Snooker & Bar Classic Billiards,Tijuca,(21) 2238-18,//boadiversao.com.br/guia/rio-de-janeiro/bares/local/id/3781/snooker__bar_classic_billiards
Só Kana - Centro,Centro,,//boadiversao.com.br/guia/rio-de-janeiro/bares/local/id/1078/so_kana_-_centro
Só Kana - Conde de Bonfim,Tijuca,(21) 2238-3646,//boadiversao.com.br/guia/rio-de-janeiro/bares/local/id/1047/so_kana_-_conde_de_bonfim
Só Kana - Praça Varnhagem,Tijuca,(21) 2567-7082,//boadiversao.com.br/guia/rio-de-janeiro/bares/local/id/1046/so_kana__praca_varnhagem_1093
Sobe,Jardim Botânico,(21) 3114-7691,//boadiversao.com.br/guia/rio-de-janeiro/bares/local/id/1666/sobe
Sobrenatural - Santa Teresa,Catete,(21) 2556 0640 ,//boadiversao.com.br/guia/rio-de-janeiro/bares/local/id/2406/sobrenatural__santa_teresa
Soho Bar & Drinkeria,Botafogo,,//boadiversao.com.br/guia/rio-de-janeiro/bares/local/id/4576/soho_bar__drinkeria
Sonho Lindo,Laranjeiras,(21) 2285-1480,//boadiversao.com.br/guia/rio-de-janeiro/bares/local/id/1177/sonho_lindo
SporTV Point,Barra da Tijuca,(21) 3259-6382,//boadiversao.com.br/guia/rio-de-janeiro/bares/local/id/1168/sportv_point
Stadium Steakhouse,Barra da Tijuca,(21)  3410 9934,//boadiversao.com.br/guia/rio-de-janeiro/bares/local/id/3962/stadium_steakhouse
Stalos Café & Bar,Copacabana,(21) 2521-5143,//boadiversao.com.br/guia/rio-de-janeiro/bares/local/id/1524/stalos_cafe__bar
Star Pub,Barra da Tijuca,(21) 2421-1680,//boadiversao.com.br/guia/rio-de-janeiro/bares/local/id/4226/star_pub
Steak Me Please Rio,Barra da Tijuca,(21) 99561-7860,//boadiversao.com.br/guia/rio-de-janeiro/bares/local/id/4691/steak_me_please_rio20170403123621
Stuzzi,Leblon,(21) 2274-4017,//boadiversao.com.br/guia/rio-de-janeiro/bares/local/id/1249/stuzzi
Stuzzi,Copacabana,(21) 3796-9113,//boadiversao.com.br/guia/rio-de-janeiro/bares/local/id/4812/stuzzi_copacabana
Sublime Relicário,Centro,2224.9824,//boadiversao.com.br/guia/rio-de-janeiro/bares/local/id/1144/sublime_relicario
Supbar e Guarderia,Barra da Tijuca,(21) 3798-0511,//boadiversao.com.br/guia/rio-de-janeiro/bares/local/id/4377/supbar_e_guarderia
Symposium ,Laranjeiras,(21) 2205-3122,//boadiversao.com.br/guia/rio-de-janeiro/bares/local/id/1736/symposium_
T-Lounge,Barra da Tijuca,(21) 3139-8066,//boadiversao.com.br/guia/rio-de-janeiro/bares/local/id/1170/tlounge
Taboca Bar,Freguesia (Jacarepaguá),(21) 2447-7894,//boadiversao.com.br/guia/rio-de-janeiro/bares/local/id/3821/taboca_bar
Tahpah,Botafogo,,//boadiversao.com.br/guia/rio-de-janeiro/bares/local/id/4373/tahpah
Tapas Y Besos,Grajaú,(21) 3529-3492,//boadiversao.com.br/guia/rio-de-janeiro/bares/local/id/4197/tapas_y_besos
Tapí Tapioca,Leblon,,//boadiversao.com.br/guia/rio-de-janeiro/bares/local/id/4744/tapi_tapioca
Tasca do Edgar ,Laranjeiras,2558-9447,//boadiversao.com.br/guia/rio-de-janeiro/bares/local/id/1178/tasca_do_edgar_
Tchêjuca,Maracanã,(21) 3264-0873,//boadiversao.com.br/guia/rio-de-janeiro/bares/local/id/4296/tchejuca
Temporada,Ipanema,(21) 2523 0066,//boadiversao.com.br/guia/rio-de-janeiro/bares/local/id/752/temporada
Terraneo Lounge Bar,Copacabana,(21)2545-6551,//boadiversao.com.br/guia/rio-de-janeiro/bares/local/id/1521/terraneo_lounge_bar
Teto Solar,Botafogo,(21) 2541-1941,//boadiversao.com.br/guia/rio-de-janeiro/bares/local/id/3949/teto_solar
Teva Vegetal,Ipanema,(21) 3253-1355,//boadiversao.com.br/guia/rio-de-janeiro/bares/local/id/4560/teva_vegetal
The Ale House,Ipanema,(21) 3256-2595,//boadiversao.com.br/guia/rio-de-janeiro/bares/local/id/4221/the_ale_house
The Boua Kitchen Bar,Botafogo,,//boadiversao.com.br/guia/rio-de-janeiro/bares/local/id/4307/the_boua_kitchen_bar
The Clover Irish Pub,Copacabana,(21) 2548-8484,//boadiversao.com.br/guia/rio-de-janeiro/bares/local/id/4169/the_clover_irish_pub
The Hellish Pub,Praça da Bandeira,,//boadiversao.com.br/guia/rio-de-janeiro/bares/local/id/4303/the_hellish_pub
The Marley's Pub,Botafogo,(21) 2137-0983,//boadiversao.com.br/guia/rio-de-janeiro/bares/local/id/4738/the_marleys_pub
The Maze,Catete,(21) 2558-5547,//boadiversao.com.br/guia/rio-de-janeiro/bares/local/id/825/the-maze
The Rock Bar,Gávea,(21) 97577-2525,//boadiversao.com.br/guia/rio-de-janeiro/bares/local/id/4632/the_rock_bar
The Way,São Domingos,(21) 3604-1533,//boadiversao.com.br/guia/rio-de-janeiro/bares/local/id/1762/the_way
Tijucano,Tijuca,2572-8947,//boadiversao.com.br/guia/rio-de-janeiro/bares/local/id/1108/tijucano
Tio Sam,Leblon,2512-2413,//boadiversao.com.br/guia/rio-de-janeiro/bares/local/id/1248/tio_sam
TITÚ Cozinha Urbana do Mar,Botafogo,(21) 98832-7000,//boadiversao.com.br/guia/rio-de-janeiro/bares/local/id/4830/titu_cozinha_urbana_do_mar
To nem aí,Ipanema,(21) 2247-8403,//boadiversao.com.br/guia/rio-de-janeiro/bares/local/id/1646/to_nem_ai
Toca da Traíra - Jacarepaguá,Jacarepaguá,(21) 3382-4547,//boadiversao.com.br/guia/rio-de-janeiro/bares/local/id/1171/toca_da_traira__jacarepagua
Toca da Traíra - Barra da Tijuca,Barra da Tijuca,(21) 2433-1081,//boadiversao.com.br/guia/rio-de-janeiro/bares/local/id/1172/toca_da_traira__barra_da_tijuca
Toca do Baiacu,Centro,(21) 2509-6520,//boadiversao.com.br/guia/rio-de-janeiro/bares/local/id/1232/toca_do_baiacu
Toca do Siri,Leblon,(21) 3518-3773,//boadiversao.com.br/guia/rio-de-janeiro/bares/local/id/3826/toca_do_siri
Toca Raul Rock Bar,Copacabana,(21) 98308-8448,//boadiversao.com.br/guia/rio-de-janeiro/bares/local/id/4846/toca_raul_rock_bar
Tom do Leblon,Leblon,(21) 2249-3048,//boadiversao.com.br/guia/rio-de-janeiro/bares/local/id/4083/tom_do_leblon
Tonamata ,Vargem Grande,(21) 2428-3504,//boadiversao.com.br/guia/rio-de-janeiro/bares/local/id/250/tonamata_
Topo do Rio,Centro,(21) 2233-6393,//boadiversao.com.br/guia/rio-de-janeiro/bares/local/id/251/topo-do-rio
Torre do Barão,Ipanema,(21) 2247-1835,//boadiversao.com.br/guia/rio-de-janeiro/bares/local/id/1650/torre_do_barao
Tragga,Humaitá,(21) 3507-2235,//boadiversao.com.br/guia/rio-de-janeiro/bares/local/id/3815/tragga
Trapiche Gamboa,Gamboa,(21) 2516-0868,//boadiversao.com.br/guia/rio-de-janeiro/bares/local/id/827/trapiche-gamboa
TribOz,Centro,(21) 2210-0366,//boadiversao.com.br/guia/rio-de-janeiro/bares/local/id/2432/triboz
Tropeço,Leblon,(21) 2239-3121,//boadiversao.com.br/guia/rio-de-janeiro/bares/local/id/829/tropeco
TV Bar,Copacabana,(21) 2267-1663,//boadiversao.com.br/guia/rio-de-janeiro/bares/local/id/254/tv-bar
Universo da Cerveja,Tijuca,(21) 2268-6894,//boadiversao.com.br/guia/rio-de-janeiro/bares/local/id/1049/universo_da_cerveja
Urbanito – Cozinha Urbana,Praça da Bandeira,,//boadiversao.com.br/guia/rio-de-janeiro/bares/local/id/4751/urbanito__cozinha_urbana
Veloso,Leblon,(21) 2274-9966,//boadiversao.com.br/guia/rio-de-janeiro/bares/local/id/771/veloso
Venga! Taberna,Jardim Botânico,(21) 3502-4069,//boadiversao.com.br/guia/rio-de-janeiro/bares/local/id/4649/venga_taberna
Verace Rio,Botafogo,(21) 99499-0971,//boadiversao.com.br/guia/rio-de-janeiro/bares/local/id/4745/verace_rio
Vila ST. Gallen,Santa Cecília,(21) 2642-1575,//boadiversao.com.br/guia/rio-de-janeiro/bares/local/id/4267/vila_st_gallen
Vinicius Show Bar ,Ipanema,(21) 2523-4757,//boadiversao.com.br/guia/rio-de-janeiro/bares/local/id/1649/vinicius_show_bar_
Vintage Wine Bar,Barra da Tijuca,2431-0864,//boadiversao.com.br/guia/rio-de-janeiro/bares/local/id/4519/vintage_wine_bar
Vizinha 123,Botafogo,(21) 2226-9691,//boadiversao.com.br/guia/rio-de-janeiro/bares/local/id/4447/vizinha_123
Vizinhando,Barra da Tijuca,(21) 3549-4348,//boadiversao.com.br/guia/rio-de-janeiro/bares/local/id/4675/vizinhando20170224115651
Vizinhando - Botecagem de Raiz,Méier,(21) 3502-9040,//boadiversao.com.br/guia/rio-de-janeiro/bares/local/id/4231/vizinhando__botecagem_de_raiz
Wine Flight,Galeão,,//boadiversao.com.br/guia/rio-de-janeiro/bares/local/id/4411/wine_flight
Winehouse,Botafogo,(21) 3264-4101,//boadiversao.com.br/guia/rio-de-janeiro/bares/local/id/4209/winehouse
Wood's Rio de Janeiro,Leblon,,//boadiversao.com.br/guia/rio-de-janeiro/bares/local/id/196/woods_rio_de_janeiro
Wursteria,Andaraí,(21) 98805-0827,//boadiversao.com.br/guia/rio-de-janeiro/bares/local/id/4663/wursteria
Xexéu Restaurante & Bar ,Copacabana,(21) 2548-7353,//boadiversao.com.br/guia/rio-de-janeiro/bares/local/id/3907/xexeu_restaurante__bar_
Yndú Beach Lounge,Barra da Tijuca,,//boadiversao.com.br/guia/rio-de-janeiro/bares/local/id/4740/yndu_beach_lounge
Yndú Lounge,Leblon,(21) 3083-6486,//boadiversao.com.br/guia/rio-de-janeiro/bares/local/id/4532/yndu_lounge
Yolo,Botafogo,(21) 4128-4042,//boadiversao.com.br/guia/rio-de-janeiro/bares/local/id/4396/yolo
Zee Champanheria,Leblon,(21) 8114-2184,//boadiversao.com.br/guia/rio-de-janeiro/bares/local/id/4084/zee_champanheria
Zot Gastrobar,Copacabana,(21) 3489-4363,//boadiversao.com.br/guia/rio-de-janeiro/bares/local/id/2663/zot_gastrobar
¡Venga! Chiringuito,Copacabana,(21) 3264-9806 ,//boadiversao.com.br/guia/rio-de-janeiro/bares/local/id/4511/venga_chiringuito
